CustomerID,Recency,Frequency,Monetary,Churn_Status,R_Score,F_Score,M_Score,RFM_Score,Segment
12346,325,12,77556.46,Churned,2,4,4,10,"At Risk"
12347,2,8,5633.32,Active,4,4,4,12,Champions
12348,75,5,2019.40,Active,3,3,3,9,"Loyal Customers"
12349,18,4,4428.69,Active,4,3,4,11,"Loyal Customers"
12350,310,1,334.40,Churned,2,1,1,4,Lost
12351,375,1,300.93,Churned,2,1,1,4,Lost
12352,36,10,2849.84,Active,3,4,4,11,"Loyal Customers"
12353,204,2,406.76,Churned,2,2,2,6,Lost
12354,232,1,1079.40,Churned,2,1,3,6,Others
12355,214,2,947.61,Churned,2,2,3,7,Others
12356,22,6,6373.68,Active,4,3,4,11,"Loyal Customers"
12357,33,3,18287.66,Active,3,2,4,9,Others
12358,1,5,3887.07,Active,4,3,4,11,"Loyal Customers"
12359,57,10,8935.94,Active,3,4,4,11,"Loyal Customers"
12360,52,8,4252.89,Active,3,4,4,11,"Loyal Customers"
12361,287,4,511.25,Churned,2,3,2,7,"At Risk"
12362,3,11,5356.23,Active,4,4,4,12,Champions
12363,109,2,552.00,Churned,2,2,2,6,Lost
12364,7,4,1313.10,Active,4,3,3,10,"Loyal Customers"
12365,291,2,641.38,Churned,2,2,2,6,Lost
12366,633,1,500.24,Churned,1,1,2,4,Lost
12367,4,1,168.90,Active,4,1,1,6,"New Customers"
12368,628,1,917.70,Churned,1,1,3,5,Others
12369,413,3,1791.15,Churned,1,2,3,6,Others
12370,51,7,4320.31,Active,3,3,4,10,"Loyal Customers"
12371,44,5,4067.38,Active,3,3,4,10,"Loyal Customers"
12372,71,3,1298.04,Active,3,2,3,8,Others
12373,311,3,1127.65,Churned,2,2,3,7,Others
12374,25,4,2989.22,Active,4,3,4,11,"Loyal Customers"
12375,10,2,457.50,Active,4,2,2,8,"New Customers"
12376,389,2,503.15,Churned,1,2,2,5,Lost
12377,315,4,3426.32,Churned,2,3,4,9,"At Risk"
12378,129,2,5416.32,Churned,2,2,4,8,Others
12379,81,4,1620.22,Active,3,3,3,9,"Loyal Customers"
12380,21,11,9676.30,Active,4,4,4,12,Champions
12381,4,5,1845.31,Active,4,3,3,10,"Loyal Customers"
12383,184,5,1850.56,Churned,2,3,3,8,"At Risk"
12384,28,2,585.27,Active,3,2,2,7,Others
12385,379,1,1938.40,Churned,2,1,3,6,Others
12386,337,2,660.80,Churned,2,2,2,6,Lost
12387,415,1,143.94,Churned,1,1,1,3,Lost
12388,15,8,3901.11,Active,4,4,4,12,Champions
12389,402,3,1433.33,Churned,1,2,3,6,Others
12390,79,1,549.84,Active,3,1,2,6,Others
12391,21,6,2773.42,Active,4,3,4,11,"Loyal Customers"
12392,591,1,234.75,Churned,1,1,1,3,Lost
12393,72,6,2399.45,Active,3,3,4,10,"Loyal Customers"
12394,63,2,1272.48,Active,3,2,3,8,Others
12395,19,15,5067.27,Active,4,4,4,12,Champions
12396,674,1,931.43,Churned,1,1,3,5,Others
12397,35,2,2409.90,Active,3,2,4,9,Others
12398,45,1,1635.66,Active,3,1,3,7,Others
12399,119,7,1962.30,Churned,2,3,3,8,"At Risk"
12400,414,1,205.25,Churned,1,1,1,3,Lost
12401,303,1,84.30,Churned,2,1,1,4,Lost
12402,323,6,1256.90,Churned,2,3,3,8,"At Risk"
12403,49,2,1019.36,Active,3,2,3,8,Others
12404,682,1,63.24,Churned,1,1,1,3,Lost
12405,148,1,1710.39,Churned,2,1,3,6,Others
12406,22,5,6390.36,Active,4,3,4,11,"Loyal Customers"
12407,49,5,1708.12,Active,3,3,3,9,"Loyal Customers"
12408,32,8,4340.77,Active,3,4,4,11,"Loyal Customers"
12409,78,7,23419.29,Active,3,3,4,10,"Loyal Customers"
12410,308,3,1013.71,Churned,2,2,3,7,Others
12411,409,1,346.90,Churned,1,1,1,3,Lost
12412,74,6,2596.93,Active,3,3,4,10,"Loyal Customers"
12413,66,4,999.45,Active,3,3,3,9,"Loyal Customers"
12414,217,6,952.41,Churned,2,3,3,8,"At Risk"
12415,24,28,144458.37,Active,4,4,4,12,Champions
12416,656,1,202.56,Churned,1,1,1,3,Lost
12417,3,20,6816.91,Active,4,4,4,12,Champions
12418,112,4,2021.20,Churned,2,3,3,8,"At Risk"
12419,385,2,503.01,Churned,1,2,2,5,Lost
12420,63,1,600.39,Active,3,1,2,6,Others
12421,15,6,1098.60,Active,4,3,3,10,"Loyal Customers"
12422,95,17,5231.80,Churned,3,4,4,11,"Loyal Customers"
12423,0,10,2622.39,Active,4,4,4,12,Champions
12424,162,4,3340.03,Churned,2,3,4,9,"At Risk"
12425,78,2,1741.41,Active,3,2,3,8,Others
12426,194,2,1345.21,Churned,2,2,3,7,Others
12427,21,3,1129.30,Active,4,2,3,9,"New Customers"
12428,25,9,7956.46,Active,4,4,4,12,Champions
12429,9,8,7485.91,Active,4,4,4,12,Champions
12430,43,1,256.40,Active,3,1,1,5,Others
12431,35,27,10857.97,Active,3,4,4,11,"Loyal Customers"
12432,42,5,5059.32,Active,3,3,4,10,"Loyal Customers"
12433,0,10,20581.26,Active,4,4,4,12,Champions
12434,84,3,1103.43,Active,3,2,3,8,Others
12435,79,6,13925.93,Active,3,3,4,10,"Loyal Customers"
12436,99,1,509.01,Churned,2,1,2,5,Lost
12437,1,39,12683.40,Active,4,4,4,12,Champions
12438,14,2,2906.85,Active,4,2,4,10,"New Customers"
12439,682,2,1158.18,Churned,1,2,3,6,Others
12440,462,2,859.20,Churned,1,2,2,5,Lost
12441,366,1,347.10,Churned,2,1,1,4,Lost
12442,3,1,172.06,Active,4,1,1,6,"New Customers"
12443,732,1,485.31,Churned,1,1,2,4,Lost
12444,21,5,5005.46,Active,4,3,4,11,"Loyal Customers"
12445,22,2,434.98,Active,4,2,2,8,"New Customers"
12446,57,1,1002.31,Active,3,1,3,7,Others
12447,243,1,476.49,Churned,2,1,2,5,Lost
12448,44,1,449.45,Active,3,1,2,6,Others
12449,22,6,4835.89,Active,4,3,4,11,"Loyal Customers"
12450,156,5,688.20,Churned,2,3,2,7,"At Risk"
12451,10,8,12669.88,Active,4,4,4,12,Champions
12452,16,2,430.57,Active,4,2,2,8,"New Customers"
12453,134,1,707.09,Churned,2,1,2,5,Lost
12454,56,5,16679.78,Active,3,3,4,10,"Loyal Customers"
12455,73,10,5879.95,Active,3,4,4,11,"Loyal Customers"
12456,44,3,3181.04,Active,3,2,4,9,Others
12457,66,8,2995.91,Active,3,4,4,11,"Loyal Customers"
12458,71,4,1777.49,Active,3,3,3,9,"Loyal Customers"
12459,605,1,454.36,Churned,1,1,2,4,Lost
12460,456,1,326.65,Churned,1,1,1,3,Lost
12461,94,2,826.88,Churned,3,2,2,7,Others
12462,18,2,1189.59,Active,4,2,3,9,"New Customers"
12463,53,4,1344.78,Active,3,3,3,9,"Loyal Customers"
12464,10,8,1212.05,Active,4,4,3,11,"Loyal Customers"
12465,17,2,742.19,Active,4,2,2,8,"New Customers"
12466,682,1,56.73,Churned,1,1,1,3,Lost
12467,423,1,132.80,Churned,1,1,1,3,Lost
12468,187,5,3670.74,Churned,2,3,4,9,"At Risk"
12469,522,2,3070.54,Churned,1,2,4,7,Others
12470,689,1,211.95,Churned,1,1,1,3,Lost
12471,2,79,39963.79,Active,4,4,4,12,Champions
12472,32,19,17880.59,Active,3,4,4,11,"Loyal Customers"
12473,29,5,3938.55,Active,3,3,4,10,"Loyal Customers"
12474,17,31,12424.45,Active,4,4,4,12,Champions
12475,53,2,1149.64,Active,3,2,3,8,Others
12476,15,23,14115.41,Active,4,4,4,12,Champions
12477,22,9,20276.37,Active,4,4,4,12,Champions
12478,3,1,680.99,Active,4,1,2,7,"New Customers"
12479,11,1,527.20,Active,4,1,2,7,"New Customers"
12480,28,7,5464.85,Active,3,3,4,10,"Loyal Customers"
12481,22,15,12361.39,Active,4,4,4,12,Champions
12482,576,29,23691.40,Churned,1,4,4,9,"At Risk"
12483,17,19,5120.58,Active,4,4,4,12,Champions
12484,32,12,6370.15,Active,3,4,4,11,"Loyal Customers"
12485,529,1,708.10,Churned,1,1,2,4,Lost
12486,431,1,1037.28,Churned,1,1,3,5,Others
12487,730,1,285.30,Churned,1,1,1,3,Lost
12488,9,3,1298.66,Active,4,2,3,9,"New Customers"
12489,336,1,334.93,Churned,2,1,1,4,Lost
12490,5,21,9823.64,Active,4,4,4,12,Champions
12491,38,1,460.40,Active,3,1,2,6,Others
12492,63,3,715.21,Active,3,2,2,7,Others
12493,165,2,433.74,Churned,2,2,2,6,Lost
12494,15,9,1872.87,Active,4,4,3,11,"Loyal Customers"
12495,640,1,357.40,Churned,1,1,2,4,Lost
12496,620,2,54.09,Churned,1,2,1,4,Lost
12497,81,3,6248.50,Active,3,2,4,9,Others
12498,21,3,403.70,Active,4,2,2,8,"New Customers"
12499,560,1,393.72,Churned,1,1,2,4,Lost
12500,23,19,5955.21,Active,4,4,4,12,Champions
12501,336,1,2169.39,Churned,2,1,3,6,Others
12502,95,5,3723.87,Churned,3,3,4,10,"Loyal Customers"
12503,584,1,1126.00,Churned,1,1,3,5,Others
12504,18,4,779.05,Active,4,3,2,9,"Loyal Customers"
12505,408,1,955.20,Churned,1,1,3,5,Others
12506,232,1,73.50,Churned,2,1,1,4,Lost
12507,134,4,1844.06,Churned,2,3,3,8,"At Risk"
12508,26,2,398.27,Active,3,2,2,7,Others
12509,284,1,176.50,Churned,2,1,1,4,Lost
12510,142,9,5178.02,Churned,2,4,4,10,"At Risk"
12511,428,1,3084.02,Churned,1,1,4,6,Others
12512,66,2,138.03,Active,3,2,1,6,Others
12513,112,1,612.29,Churned,2,1,2,5,Lost
12514,267,2,1597.76,Churned,2,2,3,7,Others
12515,353,1,383.70,Churned,2,1,2,5,Lost
12516,77,4,2648.62,Active,3,3,4,10,"Loyal Customers"
12517,28,5,2502.84,Active,3,3,4,10,"Loyal Customers"
12518,0,5,2056.89,Active,4,3,3,10,"Loyal Customers"
12519,63,2,726.54,Active,3,2,2,7,Others
12520,79,5,2634.26,Active,3,3,4,10,"Loyal Customers"
12521,142,1,599.68,Churned,2,1,2,5,Lost
12522,39,2,192.72,Active,3,2,1,6,Others
12523,19,23,4372.15,Active,4,4,4,12,Champions
12524,9,17,11126.11,Active,4,4,4,12,Champions
12525,498,3,973.73,Churned,1,2,3,6,Others
12526,0,3,1316.66,Active,4,2,3,9,"New Customers"
12527,81,5,735.51,Active,3,3,2,8,"Loyal Customers"
12528,9,6,1933.48,Active,4,3,3,10,"Loyal Customers"
12529,528,1,316.48,Churned,1,1,1,3,Lost
12530,59,9,3759.26,Active,3,4,4,11,"Loyal Customers"
12531,14,2,1933.20,Active,4,2,3,9,"New Customers"
12532,30,1,349.83,Active,3,1,2,6,Others
12533,627,2,1367.89,Churned,1,2,3,6,Others
12534,130,1,1089.18,Churned,2,1,3,6,Others
12535,91,2,716.35,Churned,3,2,2,7,Others
12536,43,3,12601.83,Active,3,2,4,9,Others
12537,408,1,732.94,Churned,1,1,2,4,Lost
12538,29,2,640.45,Active,3,2,2,7,Others
12539,22,7,11214.75,Active,4,3,4,11,"Loyal Customers"
12540,19,33,22254.49,Active,4,4,4,12,Champions
12541,29,3,981.18,Active,3,2,3,8,Others
12542,484,2,481.88,Churned,1,2,2,5,Lost
12543,448,1,980.25,Churned,1,1,3,5,Others
12544,36,1,372.70,Active,3,1,2,6,Others
12545,75,2,1000.39,Active,3,2,3,8,Others
12546,46,2,1161.50,Active,3,2,3,8,Others
12547,197,3,383.58,Churned,2,2,2,6,Lost
12548,166,1,95.20,Churned,2,1,1,4,Lost
12549,575,6,1575.68,Churned,1,3,3,7,"At Risk"
12550,79,1,964.83,Active,3,1,3,7,Others
12551,357,1,168.00,Churned,2,1,1,4,Lost
12552,38,2,437.82,Active,3,2,2,7,Others
12553,8,12,4608.75,Active,4,4,4,12,Champions
12554,448,1,468.50,Churned,1,1,2,4,Lost
12555,682,1,129.23,Churned,1,1,1,3,Lost
12556,50,2,603.71,Active,3,2,2,7,Others
12557,16,8,18716.14,Active,4,4,4,12,Champions
12558,7,1,269.96,Active,4,1,1,6,"New Customers"
12559,310,2,561.71,Churned,2,2,2,6,Lost
12560,5,3,2134.01,Active,4,2,3,9,"New Customers"
12561,302,1,238.85,Churned,2,1,1,4,Lost
12562,8,9,4966.92,Active,4,4,4,12,Champions
12563,408,1,249.24,Churned,1,1,1,3,Lost
12564,261,1,456.90,Churned,2,1,2,5,Lost
12565,288,1,145.92,Churned,2,1,1,4,Lost
12566,86,1,351.65,Active,3,1,2,6,Others
12567,22,15,13709.86,Active,4,4,4,12,Champions
12568,644,1,70.00,Churned,1,1,1,3,Lost
12569,2,32,4124.69,Active,4,4,4,12,Champions
12570,682,1,77.52,Churned,1,1,1,3,Lost
12571,39,2,519.61,Active,3,2,2,7,Others
12572,8,2,1020.42,Active,4,2,3,9,"New Customers"
12573,227,5,717.41,Churned,2,3,2,7,"At Risk"
12574,315,1,218.45,Churned,2,1,1,4,Lost
12575,457,2,622.82,Churned,1,2,2,5,Lost
12576,35,8,2142.72,Active,3,4,3,10,"Loyal Customers"
12577,35,8,1653.75,Active,3,4,3,10,"Loyal Customers"
12578,21,4,4642.45,Active,4,3,4,11,"Loyal Customers"
12579,78,1,440.42,Active,3,1,2,6,Others
12580,246,2,1052.90,Churned,2,2,3,7,Others
12581,39,1,197.71,Active,3,1,1,5,Others
12582,238,4,1980.40,Churned,2,3,3,8,"At Risk"
12583,2,27,14447.44,Active,4,4,4,12,Champions
12584,3,9,2338.15,Active,4,4,4,12,Champions
12585,234,2,2040.10,Churned,2,2,3,7,Others
12586,17,4,2062.67,Active,4,3,3,10,"Loyal Customers"
12587,7,1,144.00,Active,4,1,1,6,"New Customers"
12588,39,4,958.78,Active,3,3,3,9,"Loyal Customers"
12589,28,8,4695.66,Active,3,4,4,11,"Loyal Customers"
12590,211,2,9864.26,Churned,2,2,4,8,Others
12591,317,3,1352.15,Churned,2,2,3,7,Others
12592,92,5,2582.66,Churned,3,3,4,10,"Loyal Customers"
12593,108,3,418.10,Churned,2,2,2,6,Lost
12594,37,15,5090.11,Active,3,4,4,11,"Loyal Customers"
12595,504,1,299.02,Churned,1,1,1,3,Lost
12596,51,2,618.27,Active,3,2,2,7,Others
12597,19,4,3811.22,Active,4,3,4,11,"Loyal Customers"
12598,9,11,4534.09,Active,4,4,4,12,Champions
12599,29,13,2296.72,Active,3,4,3,10,"Loyal Customers"
12600,28,21,5043.92,Active,3,4,4,11,"Loyal Customers"
12601,189,6,681.26,Churned,2,3,2,7,"At Risk"
12602,58,1,153.12,Active,3,1,1,5,Others
12603,21,1,739.20,Active,4,1,2,7,"New Customers"
12604,79,2,254.18,Active,3,2,1,6,Others
12605,376,4,1232.95,Churned,2,3,3,8,"At Risk"
12606,682,1,21.00,Churned,1,1,1,3,Lost
12607,60,1,1579.51,Active,3,1,3,7,Others
12608,404,1,415.79,Churned,1,1,2,4,Lost
12609,78,9,3435.86,Active,3,4,4,11,"Loyal Customers"
12610,22,5,2099.54,Active,4,3,3,10,"Loyal Customers"
12611,52,1,1193.32,Active,3,1,3,7,Others
12612,74,1,704.04,Active,3,1,2,6,Others
12613,57,10,6835.07,Active,3,4,4,11,"Loyal Customers"
12614,277,1,315.60,Churned,2,1,1,4,Lost
12615,2,8,5740.98,Active,4,4,4,12,Champions
12616,95,3,1131.10,Churned,3,2,3,8,Others
12617,29,1,355.53,Active,3,1,2,6,Others
12618,21,1,177.31,Active,4,1,1,6,"New Customers"
12619,16,10,3781.38,Active,4,4,4,12,Champions
12620,14,3,1339.41,Active,4,2,3,9,"New Customers"
12621,1,35,24775.81,Active,4,4,4,12,Champions
12622,232,1,180.10,Churned,2,1,1,4,Lost
12623,276,7,3747.84,Churned,2,3,4,9,"At Risk"
12624,106,2,641.13,Churned,2,2,2,6,Lost
12625,211,4,5164.88,Churned,2,3,4,9,"At Risk"
12626,23,9,6620.48,Active,4,4,4,12,Champions
12627,10,7,4478.53,Active,4,3,4,11,"Loyal Customers"
12628,4,3,786.46,Active,4,2,2,8,"New Customers"
12629,385,2,1558.22,Churned,1,2,3,6,Others
12630,9,2,1270.88,Active,4,2,3,9,"New Customers"
12631,57,6,3481.57,Active,3,3,4,10,"Loyal Customers"
12632,520,2,804.88,Churned,1,2,2,5,Lost
12633,58,7,5678.16,Active,3,3,4,10,"Loyal Customers"
12634,535,2,490.00,Churned,1,2,2,5,Lost
12635,89,4,2930.41,Active,3,3,4,10,"Loyal Customers"
12636,738,1,141.00,Churned,1,1,1,3,Lost
12637,67,12,8340.31,Active,3,4,4,11,"Loyal Customers"
12638,33,2,921.49,Active,3,2,3,8,Others
12639,238,3,1312.37,Churned,2,2,3,7,Others
12640,23,3,1174.58,Active,4,2,3,9,"New Customers"
12641,115,1,185.90,Churned,2,1,1,4,Lost
12642,25,3,1013.26,Active,4,2,3,9,"New Customers"
12643,128,12,8350.42,Churned,2,4,4,10,"At Risk"
12644,129,4,1918.49,Churned,2,3,3,8,"At Risk"
12645,33,8,3539.30,Active,3,4,4,11,"Loyal Customers"
12646,4,2,1346.97,Active,4,2,3,9,"New Customers"
12647,22,36,17924.35,Active,4,4,4,12,Champions
12648,154,4,1112.00,Churned,2,3,3,8,"At Risk"
12649,107,8,2294.65,Churned,2,4,3,9,"At Risk"
12650,3,1,314.44,Active,4,1,1,6,"New Customers"
12651,334,4,377.75,Churned,2,3,2,7,"At Risk"
12652,331,2,1017.03,Churned,2,2,3,7,Others
12653,148,3,4160.83,Churned,2,2,4,8,Others
12654,10,5,601.98,Active,4,3,2,9,"Loyal Customers"
12655,423,1,261.35,Churned,1,1,1,3,Lost
12656,17,8,6407.83,Active,4,4,4,12,Champions
12657,11,4,1643.18,Active,4,3,3,10,"Loyal Customers"
12658,18,1,686.05,Active,4,1,2,7,"New Customers"
12659,29,1,91.68,Active,3,1,1,5,Others
12660,11,1,245.10,Active,4,1,1,6,"New Customers"
12661,436,1,162.00,Churned,1,1,1,3,Lost
12662,0,20,6988.02,Active,4,4,4,12,Champions
12663,624,2,239.40,Churned,1,2,1,4,Lost
12664,8,11,6070.04,Active,4,4,4,12,Champions
12665,324,3,313.60,Churned,2,2,1,5,Lost
12666,394,1,1248.42,Churned,1,1,3,5,Others
12667,58,1,620.13,Active,3,1,2,6,Others
12668,11,10,11444.68,Active,4,4,4,12,Champions
12669,150,3,2744.03,Churned,2,2,4,8,Others
12670,10,7,3760.29,Active,4,3,4,11,"Loyal Customers"
12671,606,1,2622.48,Churned,1,1,4,6,Others
12672,329,2,437.05,Churned,2,2,2,6,Lost
12673,5,3,1230.02,Active,4,2,3,9,"New Customers"
12674,38,4,1970.60,Active,3,3,3,9,"Loyal Customers"
12675,553,2,958.50,Churned,1,2,3,6,Others
12676,24,11,2843.09,Active,4,4,4,12,Champions
12677,555,2,395.10,Churned,1,2,2,5,Lost
12678,42,21,34281.18,Active,3,4,4,11,"Loyal Customers"
12679,58,4,1113.02,Active,3,3,3,9,"Loyal Customers"
12680,0,4,880.81,Active,4,3,2,9,"Loyal Customers"
12681,14,45,30868.28,Active,4,4,4,12,Champions
12682,3,52,24033.91,Active,4,4,4,12,Champions
12683,4,21,12696.78,Active,4,4,4,12,Champions
12684,7,7,2283.63,Active,4,3,3,10,"Loyal Customers"
12685,28,6,2863.08,Active,3,3,4,10,"Loyal Customers"
12686,371,1,178.28,Churned,2,1,1,4,Lost
12687,480,2,2138.91,Churned,1,2,3,6,Others
12688,113,1,4873.81,Churned,2,1,4,7,Others
12689,25,2,1247.61,Active,4,2,3,9,"New Customers"
12690,205,1,389.01,Churned,2,1,2,5,Lost
12691,28,7,1170.40,Active,3,3,3,9,"Loyal Customers"
12692,637,1,110.95,Churned,1,1,1,3,Lost
12693,127,7,1703.02,Churned,2,3,3,8,"At Risk"
12694,70,3,1843.35,Active,3,2,3,8,Others
12695,7,7,1407.12,Active,4,3,3,10,"Loyal Customers"
12696,434,2,851.91,Churned,1,2,2,5,Lost
12697,28,3,957.59,Active,3,2,3,8,Others
12698,590,1,339.75,Churned,1,1,1,3,Lost
12699,417,1,638.11,Churned,1,1,2,4,Lost
12700,7,4,4939.99,Active,4,3,4,11,"Loyal Customers"
12701,79,6,2446.41,Active,3,3,4,10,"Loyal Customers"
12702,19,1,219.00,Active,4,1,1,6,"New Customers"
12703,71,4,1006.53,Active,3,3,3,9,"Loyal Customers"
12704,7,8,2340.84,Active,4,4,4,12,Champions
12705,15,14,11762.10,Active,4,4,4,12,Champions
12707,291,1,603.42,Churned,2,1,2,5,Lost
12708,29,18,5314.10,Active,3,4,4,11,"Loyal Customers"
12709,15,34,31093.34,Active,4,4,4,12,Champions
12710,96,3,1149.02,Churned,2,2,3,7,Others
12711,611,2,1339.05,Churned,1,2,3,6,Others
12712,28,21,7193.66,Active,3,4,4,11,"Loyal Customers"
12713,0,1,848.55,Active,4,1,2,7,"New Customers"
12714,9,12,14093.71,Active,4,4,4,12,Champions
12715,106,1,353.86,Churned,2,1,2,5,Lost
12716,3,2,1053.49,Active,4,2,3,9,"New Customers"
12717,151,3,1308.91,Churned,2,2,3,7,Others
12718,71,1,238.25,Active,3,1,1,5,Others
12719,5,2,644.95,Active,4,2,2,8,"New Customers"
12720,2,30,8260.67,Active,4,4,4,12,Champions
12721,31,8,4013.08,Active,3,4,4,11,"Loyal Customers"
12722,85,4,997.63,Active,3,3,3,9,"Loyal Customers"
12723,3,5,725.07,Active,4,3,2,9,"Loyal Customers"
12724,5,7,2317.52,Active,4,3,4,11,"Loyal Customers"
12725,371,4,2694.56,Churned,2,3,4,9,"At Risk"
12726,28,11,4014.60,Active,3,4,4,11,"Loyal Customers"
12727,10,10,5679.53,Active,4,4,4,12,Champions
12728,71,5,1070.17,Active,3,3,3,9,"Loyal Customers"
12729,113,1,453.01,Churned,2,1,2,5,Lost
12730,521,1,829.25,Churned,1,1,2,4,Lost
12731,23,17,25775.71,Active,4,4,4,12,Champions
12732,179,1,236.26,Churned,2,1,1,4,Lost
12733,234,4,2424.87,Churned,2,3,4,9,"At Risk"
12734,352,3,639.65,Churned,2,2,2,6,Lost
12735,315,2,779.57,Churned,2,2,2,6,Lost
12736,332,1,234.00,Churned,2,1,1,4,Lost
12737,498,2,3710.50,Churned,1,2,4,7,Others
12738,372,1,310.70,Churned,2,1,1,4,Lost
12739,78,4,2726.73,Active,3,3,4,10,"Loyal Customers"
12740,63,1,427.60,Active,3,1,2,6,Others
12741,529,2,406.07,Churned,1,2,2,5,Lost
12742,625,1,1201.52,Churned,1,1,3,5,Others
12743,134,2,546.43,Churned,2,2,2,6,Lost
12744,51,11,25317.06,Active,3,4,4,11,"Loyal Customers"
12745,486,3,925.41,Churned,1,2,3,6,Others
12746,540,1,254.55,Churned,1,1,1,3,Lost
12747,2,26,9276.54,Active,4,4,4,12,Champions
12748,0,336,56599.39,Active,4,4,4,12,Champions
12749,3,9,6897.36,Active,4,4,4,12,Champions
12750,128,1,275.88,Churned,2,1,1,4,Lost
12751,444,1,268.27,Churned,1,1,1,3,Lost
12752,81,1,4366.78,Active,3,1,4,8,Others
12753,22,6,21429.39,Active,4,3,4,11,"Loyal Customers"
12754,235,3,3010.74,Churned,2,2,4,8,Others
12755,280,11,9030.66,Churned,2,4,4,10,"At Risk"
12756,86,1,112.08,Active,3,1,1,5,Others
12757,15,13,7857.10,Active,4,4,4,12,Champions
12758,116,7,9903.24,Churned,2,3,4,9,"At Risk"
12759,52,8,5020.74,Active,3,4,4,11,"Loyal Customers"
12760,455,1,347.80,Churned,1,1,1,3,Lost
12761,457,2,782.95,Churned,1,2,2,5,Lost
12762,7,2,1898.52,Active,4,2,3,9,"New Customers"
12763,138,2,814.16,Churned,2,2,2,6,Lost
12764,316,1,1693.88,Churned,2,1,3,6,Others
12765,472,6,1404.58,Churned,1,3,3,7,"At Risk"
12766,3,9,10068.28,Active,4,4,4,12,Champions
12767,375,1,949.82,Churned,2,1,3,6,Others
12768,450,1,168.69,Churned,1,1,1,3,Lost
12769,238,1,1143.60,Churned,2,1,3,6,Others
12770,210,2,3246.45,Churned,2,2,4,8,Others
12771,485,1,282.30,Churned,1,1,1,3,Lost
12772,59,1,892.47,Active,3,1,2,6,Others
12773,564,1,124.25,Churned,1,1,1,3,Lost
12774,535,1,98.70,Churned,1,1,1,3,Lost
12775,17,7,1686.12,Active,4,3,3,10,"Loyal Customers"
12776,667,1,55.50,Churned,1,1,1,3,Lost
12777,457,1,519.45,Churned,1,1,2,4,Lost
12778,19,9,1775.68,Active,4,4,3,11,"Loyal Customers"
12779,37,14,6722.27,Active,3,4,4,11,"Loyal Customers"
12780,598,1,337.40,Churned,1,1,1,3,Lost
12781,63,2,826.74,Active,3,2,2,7,Others
12782,4,11,4618.24,Active,4,4,4,12,Champions
12783,2,6,2225.91,Active,4,3,3,10,"Loyal Customers"
12784,9,3,1804.75,Active,4,2,3,9,"New Customers"
12785,364,3,1100.40,Churned,2,2,3,7,Others
12786,609,1,728.50,Churned,1,1,2,4,Lost
12787,9,4,862.18,Active,4,3,2,9,"Loyal Customers"
12788,463,4,444.90,Churned,1,3,2,6,"At Risk"
12789,65,3,273.35,Active,3,2,1,6,Others
12790,192,2,591.85,Churned,2,2,2,6,Lost
12791,373,6,1056.11,Churned,2,3,3,8,"At Risk"
12792,256,2,827.01,Churned,2,2,2,6,Lost
12793,334,3,1017.33,Churned,2,2,3,7,Others
12794,53,2,860.41,Active,3,2,2,7,Others
12795,18,1,430.48,Active,4,1,2,7,"New Customers"
12796,628,1,381.00,Churned,1,1,2,4,Lost
12797,365,2,806.11,Churned,2,2,2,6,Lost
12798,10,4,8510.93,Active,4,3,4,11,"Loyal Customers"
12799,529,1,219.35,Churned,1,1,1,3,Lost
12800,470,3,584.25,Churned,1,2,2,5,Lost
12801,500,1,1071.82,Churned,1,1,3,5,Others
12802,186,7,2416.42,Churned,2,3,4,9,"At Risk"
12803,393,1,1092.81,Churned,1,1,3,5,Others
12804,465,2,327.02,Churned,1,2,1,4,Lost
12805,381,4,1434.95,Churned,1,3,3,7,"At Risk"
12806,435,4,2878.96,Churned,1,3,4,8,"At Risk"
12807,383,1,330.35,Churned,1,1,1,3,Lost
12808,36,5,906.10,Active,3,3,3,9,"Loyal Customers"
12809,177,3,1755.94,Churned,2,2,3,7,Others
12810,534,2,534.99,Churned,1,2,2,5,Lost
12811,260,5,1033.90,Churned,2,3,3,8,"At Risk"
12812,44,1,229.64,Active,3,1,1,5,Others
12813,501,3,1687.80,Churned,1,2,3,6,Others
12814,101,1,125.92,Churned,2,1,1,4,Lost
12815,147,2,1063.46,Churned,2,2,3,7,Others
12816,95,2,572.20,Churned,3,2,2,7,Others
12817,281,3,690.98,Churned,2,2,2,6,Lost
12818,261,1,1542.08,Churned,2,1,3,6,Others
12819,458,1,540.52,Churned,1,1,2,4,Lost
12820,3,11,2689.52,Active,4,4,4,12,Champions
12821,214,2,220.80,Churned,2,2,1,5,Lost
12822,70,2,948.88,Active,3,2,3,8,Others
12823,74,18,6501.50,Active,3,4,4,11,"Loyal Customers"
12824,59,1,397.12,Active,3,1,2,6,Others
12825,521,2,518.63,Churned,1,2,2,5,Lost
12826,2,12,2955.75,Active,4,4,4,12,Champions
12827,5,3,430.15,Active,4,2,2,8,"New Customers"
12828,2,6,1018.71,Active,4,3,3,10,"Loyal Customers"
12829,336,3,385.30,Churned,2,2,2,6,Lost
12830,37,6,6814.64,Active,3,3,4,10,"Loyal Customers"
12831,262,3,451.11,Churned,2,2,2,6,Lost
12832,32,2,383.03,Active,3,2,2,7,Others
12833,145,1,417.38,Churned,2,1,2,5,Lost
12834,282,1,312.38,Churned,2,1,1,4,Lost
12835,427,41,6043.31,Churned,1,4,4,9,"At Risk"
12836,59,15,6585.62,Active,3,4,4,11,"Loyal Customers"
12837,173,2,688.41,Churned,2,2,2,6,Lost
12838,33,10,3398.48,Active,3,4,4,11,"Loyal Customers"
12839,2,26,10071.73,Active,4,4,4,12,Champions
12840,143,7,4041.97,Churned,2,3,4,9,"At Risk"
12841,4,40,7540.68,Active,4,4,4,12,Champions
12842,70,4,1917.99,Active,3,3,3,9,"Loyal Customers"
12843,65,30,6588.41,Active,3,4,4,11,"Loyal Customers"
12844,29,4,648.60,Active,3,3,2,8,"Loyal Customers"
12845,267,4,354.09,Churned,2,3,2,7,"At Risk"
12846,682,1,15.58,Churned,1,1,1,3,Lost
12847,22,2,1636.90,Active,4,2,3,9,"New Customers"
12848,675,1,208.00,Churned,1,1,1,3,Lost
12849,31,6,3090.56,Active,3,3,4,10,"Loyal Customers"
12850,445,1,330.00,Churned,1,1,1,3,Lost
12851,96,2,284.13,Churned,2,2,1,5,Lost
12852,294,1,311.55,Churned,2,1,1,4,Lost
12853,134,11,3907.50,Churned,2,4,4,10,"At Risk"
12854,78,7,2994.02,Active,3,3,4,10,"Loyal Customers"
12855,372,4,650.94,Churned,2,3,2,7,"At Risk"
12856,7,6,2179.93,Active,4,3,3,10,"Loyal Customers"
12857,210,6,3688.00,Churned,2,3,4,9,"At Risk"
12858,383,1,177.92,Churned,1,1,1,3,Lost
12859,458,1,575.10,Churned,1,1,2,4,Lost
12860,693,1,55.47,Churned,1,1,1,3,Lost
12861,619,1,68.25,Churned,1,1,1,3,Lost
12862,425,2,1008.32,Churned,1,2,3,6,Others
12863,52,6,2792.55,Active,3,3,4,10,"Loyal Customers"
12864,138,2,299.57,Churned,2,2,1,5,Lost
12865,26,4,3323.47,Active,3,3,4,10,"Loyal Customers"
12866,283,3,1227.35,Churned,2,2,3,7,Others
12867,26,13,7913.29,Active,3,4,4,11,"Loyal Customers"
12868,185,8,2247.06,Churned,2,4,3,9,"At Risk"
12869,681,1,337.67,Churned,1,1,1,3,Lost
12870,375,3,1676.95,Churned,2,2,3,7,Others
12871,84,3,744.02,Active,3,2,2,7,Others
12872,326,12,3685.49,Churned,2,4,4,10,"At Risk"
12873,282,3,2027.30,Churned,2,2,3,7,Others
12874,385,2,948.42,Churned,1,2,3,6,Others
12875,143,5,1356.99,Churned,2,3,3,8,"At Risk"
12876,57,4,4081.79,Active,3,3,4,10,"Loyal Customers"
12877,3,20,2955.17,Active,4,4,4,12,Champions
12878,236,2,854.99,Churned,2,2,2,6,Lost
12879,44,3,573.22,Active,3,2,2,7,Others
12880,381,2,640.13,Churned,1,2,2,5,Lost
12881,275,1,298.00,Churned,2,1,1,4,Lost
12882,9,2,1463.04,Active,4,2,3,9,"New Customers"
12883,24,4,703.47,Active,4,3,2,9,"Loyal Customers"
12884,88,1,309.05,Active,3,1,1,5,Others
12885,63,3,1175.22,Active,3,2,3,8,Others
12886,67,2,1378.40,Active,3,2,3,8,Others
12887,383,1,222.40,Churned,1,1,1,3,Lost
12888,214,2,354.12,Churned,2,2,2,6,Lost
12889,381,4,385.46,Churned,1,3,2,6,"At Risk"
12890,24,2,717.27,Active,4,2,2,8,"New Customers"
12891,185,11,840.50,Churned,2,4,2,8,"At Risk"
12892,396,1,263.38,Churned,1,1,1,3,Lost
12893,30,1,188.14,Active,3,1,1,5,Others
12894,575,1,157.35,Churned,1,1,1,3,Lost
12895,42,2,372.80,Active,3,2,2,7,Others
12897,204,4,514.25,Churned,2,3,2,7,"At Risk"
12898,463,2,310.96,Churned,1,2,1,4,Lost
12899,413,1,366.40,Churned,1,1,2,4,Lost
12900,422,1,340.33,Churned,1,1,1,3,Lost
12901,8,28,17654.54,Active,4,4,4,12,Champions
12902,264,1,138.68,Churned,2,1,1,4,Lost
12903,428,1,833.53,Churned,1,1,2,4,Lost
12904,18,2,509.58,Active,4,2,2,8,"New Customers"
12905,576,2,1018.42,Churned,1,2,3,6,Others
12906,11,5,2919.81,Active,4,3,4,11,"Loyal Customers"
12907,395,2,508.91,Churned,1,2,2,5,Lost
12908,176,5,1776.00,Churned,2,3,3,8,"At Risk"
12909,39,8,3103.19,Active,3,4,4,11,"Loyal Customers"
12910,23,13,5796.52,Active,4,4,4,12,Champions
12911,551,1,1680.47,Churned,1,1,3,5,Others
12912,2,5,1662.30,Active,4,3,3,10,"Loyal Customers"
12913,4,13,6700.86,Active,4,4,4,12,Champions
12914,400,1,223.98,Churned,1,1,1,3,Lost
12915,148,4,1174.75,Churned,2,3,3,8,"At Risk"
12916,138,7,4654.02,Churned,2,3,4,9,"At Risk"
12917,128,6,4359.20,Churned,2,3,4,9,"At Risk"
12918,626,1,10953.50,Churned,1,1,4,6,Others
12919,8,6,1335.19,Active,4,3,3,10,"Loyal Customers"
12920,17,4,488.09,Active,4,3,2,9,"Loyal Customers"
12921,9,74,35921.04,Active,4,4,4,12,Champions
12922,161,1,405.38,Churned,2,1,2,5,Lost
12923,64,3,789.87,Active,3,2,2,7,Others
12924,88,12,2469.40,Active,3,4,4,11,"Loyal Customers"
12925,4,3,729.33,Active,4,2,2,8,"New Customers"
12926,411,4,1548.46,Churned,1,3,3,7,"At Risk"
12927,394,1,197.31,Churned,1,1,1,3,Lost
12928,35,12,4304.89,Active,3,4,4,11,"Loyal Customers"
12929,311,1,117.85,Churned,2,1,1,4,Lost
12930,78,2,415.80,Active,3,2,2,7,Others
12931,21,57,92347.34,Active,4,4,4,12,Champions
12932,539,8,1698.56,Churned,1,4,3,8,"At Risk"
12933,24,8,1687.03,Active,4,4,3,11,"Loyal Customers"
12934,736,1,181.65,Churned,1,1,1,3,Lost
12935,2,15,4243.86,Active,4,4,4,12,Champions
12936,17,4,1063.90,Active,4,3,3,10,"Loyal Customers"
12937,15,9,3097.61,Active,4,4,4,12,Champions
12938,25,1,114.14,Active,4,1,1,6,"New Customers"
12939,64,20,25264.80,Active,3,4,4,11,"Loyal Customers"
12940,54,2,913.54,Active,3,2,3,8,Others
12941,724,1,377.49,Churned,1,1,2,4,Lost
12942,131,3,942.65,Churned,2,2,3,7,Others
12943,558,2,496.50,Churned,1,2,2,5,Lost
12944,35,2,604.51,Active,3,2,2,7,Others
12945,288,2,900.11,Churned,2,2,3,7,Others
12946,436,1,324.45,Churned,1,1,1,3,Lost
12947,143,6,1908.03,Churned,2,3,3,8,"At Risk"
12948,16,9,2317.43,Active,4,4,4,12,Champions
12949,30,22,15526.70,Active,3,4,4,11,"Loyal Customers"
12950,2,3,1843.00,Active,4,2,3,9,"New Customers"
12951,8,15,3213.72,Active,4,4,4,12,Champions
12952,5,4,1387.79,Active,4,3,3,10,"Loyal Customers"
12953,9,2,828.81,Active,4,2,2,8,"New Customers"
12954,638,1,162.45,Churned,1,1,1,3,Lost
12955,1,11,4757.16,Active,4,4,4,12,Champions
12956,306,4,521.89,Churned,2,3,2,7,"At Risk"
12957,9,13,8706.97,Active,4,4,4,12,Champions
12958,400,2,539.49,Churned,1,2,2,5,Lost
12959,484,1,150.95,Churned,1,1,1,3,Lost
12960,413,4,1322.07,Churned,1,3,3,7,"At Risk"
12961,379,1,211.99,Churned,2,1,1,4,Lost
12962,7,2,266.39,Active,4,2,1,7,"New Customers"
12963,8,12,3601.59,Active,4,4,4,12,Champions
12964,437,1,132.24,Churned,1,1,1,3,Lost
12965,89,1,771.91,Active,3,1,2,6,Others
12966,9,1,160.18,Active,4,1,1,6,"New Customers"
12967,358,3,4306.92,Churned,2,2,4,8,Others
12968,112,1,135.95,Churned,2,1,1,4,Lost
12969,602,1,122.45,Churned,1,1,1,3,Lost
12970,7,10,1524.97,Active,4,4,3,11,"Loyal Customers"
12971,3,116,15972.79,Active,4,4,4,12,Champions
12972,413,4,1161.20,Churned,1,3,3,7,"At Risk"
12973,413,1,385.55,Churned,1,1,2,4,Lost
12974,197,2,408.95,Churned,2,2,2,6,Lost
12975,436,6,2100.09,Churned,1,3,3,7,"At Risk"
12976,211,8,3156.38,Churned,2,4,4,10,"At Risk"
12977,156,4,517.63,Churned,2,3,2,7,"At Risk"
12978,385,5,2502.82,Churned,1,3,4,8,"At Risk"
12979,729,1,517.70,Churned,1,1,2,4,Lost
12980,157,21,16245.78,Churned,2,4,4,10,"At Risk"
12981,29,2,372.22,Active,3,2,2,7,Others
12982,242,8,2744.81,Churned,2,4,4,10,"At Risk"
12983,598,1,490.08,Churned,1,1,2,4,Lost
12984,18,1,97.50,Active,4,1,1,6,"New Customers"
12985,0,2,1239.38,Active,4,2,3,9,"New Customers"
12986,428,10,2729.84,Churned,1,4,4,9,"At Risk"
12987,73,5,1312.21,Active,3,3,3,9,"Loyal Customers"
12988,292,1,535.32,Churned,2,1,2,5,Lost
12989,3,33,13551.75,Active,4,4,4,12,Champions
12990,31,7,955.50,Active,3,3,3,9,"Loyal Customers"
12991,23,3,764.82,Active,4,2,2,8,"New Customers"
12992,725,1,93.35,Churned,1,1,1,3,Lost
12993,23,8,1259.63,Active,4,4,3,11,"Loyal Customers"
12994,4,3,974.42,Active,4,2,3,9,"New Customers"
12995,85,1,211.32,Active,3,1,1,5,Others
12996,375,1,355.50,Churned,2,1,2,5,Lost
12997,22,8,2110.91,Active,4,4,3,11,"Loyal Customers"
12998,492,3,920.08,Churned,1,2,3,6,Others
12999,196,3,455.88,Churned,2,2,2,6,Lost
13000,106,4,1032.50,Churned,2,3,3,8,"At Risk"
13001,4,33,24172.10,Active,4,4,4,12,Champions
13002,318,3,414.13,Churned,2,2,2,6,Lost
13003,105,3,149.05,Churned,2,2,1,5,Lost
13004,11,36,11650.85,Active,4,4,4,12,Champions
13005,173,4,999.68,Churned,2,3,3,8,"At Risk"
13006,56,1,81.57,Active,3,1,1,5,Others
13007,579,1,175.25,Churned,1,1,1,3,Lost
13008,323,3,612.13,Churned,2,2,2,6,Lost
13009,672,1,234.00,Churned,1,1,1,3,Lost
13010,374,2,330.12,Churned,2,2,1,5,Lost
13011,372,1,101.10,Churned,2,1,1,4,Lost
13012,9,11,2972.83,Active,4,4,4,12,Champions
13013,1,29,12625.77,Active,4,4,4,12,Champions
13014,10,11,5381.08,Active,4,4,4,12,Champions
13015,53,11,6586.42,Active,3,4,4,11,"Loyal Customers"
13016,73,3,789.89,Active,3,2,2,7,Others
13017,7,1,204.00,Active,4,1,1,6,"New Customers"
13018,16,35,9763.16,Active,4,4,4,12,Champions
13019,379,6,1229.95,Churned,2,3,3,8,"At Risk"
13020,562,2,618.96,Churned,1,2,2,5,Lost
13021,4,17,4887.24,Active,4,4,4,12,Champions
13022,429,1,65.30,Churned,1,1,1,3,Lost
13023,64,3,1449.03,Active,3,2,3,8,Others
13024,470,2,555.87,Churned,1,2,2,5,Lost
13025,731,1,323.39,Churned,1,1,1,3,Lost
13026,1,9,1733.08,Active,4,4,3,11,"Loyal Customers"
13027,113,19,17335.20,Churned,2,4,4,10,"At Risk"
13028,22,2,661.32,Active,4,2,2,8,"New Customers"
13029,30,5,1927.30,Active,3,3,3,9,"Loyal Customers"
13030,11,2,1227.22,Active,4,2,3,9,"New Customers"
13031,407,5,3419.27,Churned,1,3,4,8,"At Risk"
13032,52,9,2843.55,Active,3,4,4,11,"Loyal Customers"
13033,357,2,220.55,Churned,2,2,1,5,Lost
13034,54,3,922.68,Active,3,2,3,8,Others
13035,73,3,1364.20,Active,3,2,3,8,Others
13036,684,1,307.10,Churned,1,1,1,3,Lost
13037,138,12,3914.95,Churned,2,4,4,10,"At Risk"
13038,80,3,908.46,Active,3,2,3,8,Others
13039,584,4,1010.73,Churned,1,3,3,7,"At Risk"
13040,8,2,676.99,Active,4,2,2,8,"New Customers"
13041,450,4,799.13,Churned,1,3,2,6,"At Risk"
13042,598,3,1556.54,Churned,1,2,3,6,Others
13043,273,1,516.42,Churned,2,1,2,5,Lost
13044,291,11,4853.90,Churned,2,4,4,10,"At Risk"
13045,99,3,808.92,Churned,2,2,2,6,Lost
13046,30,3,949.25,Active,3,2,3,8,Others
13047,31,24,8795.16,Active,3,4,4,11,"Loyal Customers"
13048,14,9,4084.21,Active,4,4,4,12,Champions
13049,64,4,1408.24,Active,3,3,3,9,"Loyal Customers"
13050,14,35,12344.53,Active,4,4,4,12,Champions
13051,578,2,155.80,Churned,1,2,1,4,Lost
13052,212,7,3168.53,Churned,2,3,4,9,"At Risk"
13053,621,1,127.65,Churned,1,1,1,3,Lost
13055,78,4,2321.11,Active,3,3,4,10,"Loyal Customers"
13056,551,1,209.48,Churned,1,1,1,3,Lost
13057,530,3,722.09,Churned,1,2,2,5,Lost
13058,24,3,271.40,Active,4,2,1,7,"New Customers"
13059,249,10,2303.17,Churned,2,4,3,9,"At Risk"
13060,253,1,307.53,Churned,2,1,1,4,Lost
13061,72,1,248.61,Active,3,1,1,5,Others
13062,191,1,346.98,Churned,2,1,1,4,Lost
13063,480,1,188.40,Churned,1,1,1,3,Lost
13064,12,6,1680.74,Active,4,3,3,10,"Loyal Customers"
13065,373,5,1260.91,Churned,2,3,3,8,"At Risk"
13066,24,2,470.80,Active,4,2,2,8,"New Customers"
13067,82,3,508.51,Active,3,2,2,7,Others
13068,10,2,344.00,Active,4,2,1,7,"New Customers"
13069,0,38,9683.13,Active,4,4,4,12,Champions
13070,192,4,751.70,Churned,2,3,2,7,"At Risk"
13071,612,1,129.22,Churned,1,1,1,3,Lost
13072,266,1,177.15,Churned,2,1,1,4,Lost
13073,411,2,418.08,Churned,1,2,2,5,Lost
13074,511,4,1378.74,Churned,1,3,3,7,"At Risk"
13075,129,1,919.61,Churned,2,1,3,6,Others
13076,457,1,135.40,Churned,1,1,1,3,Lost
13077,1,11,3064.67,Active,4,4,4,12,Champions
13078,3,57,29532.45,Active,4,4,4,12,Champions
13079,4,6,419.18,Active,4,3,2,9,"Loyal Customers"
13080,179,4,280.73,Churned,2,3,1,6,"At Risk"
13081,11,28,59205.15,Active,4,4,4,12,Champions
13082,126,21,7335.75,Churned,2,4,4,10,"At Risk"
13083,4,3,395.43,Active,4,2,2,8,"New Customers"
13084,491,1,122.40,Churned,1,1,1,3,Lost
13085,157,8,2433.28,Churned,2,4,4,10,"At Risk"
13086,382,1,439.33,Churned,1,1,2,4,Lost
13087,726,1,313.64,Churned,1,1,1,3,Lost
13088,417,1,236.11,Churned,1,1,1,3,Lost
13089,2,203,116737.86,Active,4,4,4,12,Champions
13090,8,24,14103.09,Active,4,4,4,12,Champions
13091,28,3,2321.82,Active,3,2,4,9,Others
13092,70,12,2140.28,Active,3,4,3,10,"Loyal Customers"
13093,275,55,54943.65,Churned,2,4,4,10,"At Risk"
13094,21,13,2433.12,Active,4,4,4,12,Champions
13095,70,1,74.40,Active,3,1,1,5,Others
13096,394,1,419.70,Churned,1,1,2,4,Lost
13097,32,28,13389.22,Active,3,4,4,11,"Loyal Customers"
13098,1,28,28882.44,Active,4,4,4,12,Champions
13099,99,1,207.36,Churned,2,1,1,4,Lost
13101,234,4,695.40,Churned,2,3,2,7,"At Risk"
13102,1,37,11696.92,Active,4,4,4,12,Champions
13103,39,3,709.64,Active,3,2,2,7,Others
13104,3,9,1709.10,Active,4,4,3,11,"Loyal Customers"
13105,436,1,72.00,Churned,1,1,1,3,Lost
13106,133,2,603.46,Churned,2,2,2,6,Lost
13107,44,9,5253.07,Active,3,4,4,11,"Loyal Customers"
13108,372,2,1098.52,Churned,2,2,3,7,Others
13109,59,3,1134.03,Active,3,2,3,8,Others
13110,31,12,2957.47,Active,3,4,4,11,"Loyal Customers"
13111,718,1,321.88,Churned,1,1,1,3,Lost
13112,541,1,20.60,Churned,1,1,1,3,Lost
13113,0,37,18625.73,Active,4,4,4,12,Champions
13114,730,1,234.38,Churned,1,1,1,3,Lost
13115,11,10,5494.70,Active,4,4,4,12,Champions
13116,138,1,501.14,Churned,2,1,2,5,Lost
13117,21,18,2643.81,Active,4,4,4,12,Champions
13118,19,9,2415.41,Active,4,4,4,12,Champions
13119,668,1,134.90,Churned,1,1,1,3,Lost
13120,238,1,30.60,Churned,2,1,1,4,Lost
13121,269,1,283.73,Churned,2,1,1,4,Lost
13122,94,2,922.39,Churned,3,2,3,8,Others
13123,472,2,506.75,Churned,1,2,2,5,Lost
13124,89,4,4782.45,Active,3,3,4,10,"Loyal Customers"
13125,523,1,158.57,Churned,1,1,1,3,Lost
13126,4,13,3998.25,Active,4,4,4,12,Champions
13127,77,1,259.17,Active,3,1,1,5,Others
13128,631,1,263.50,Churned,1,1,1,3,Lost
13129,452,2,233.25,Churned,1,2,1,4,Lost
13130,94,1,64.00,Churned,3,1,1,5,Others
13131,23,7,3313.77,Active,4,3,4,11,"Loyal Customers"
13132,261,1,77.30,Churned,2,1,1,4,Lost
13133,273,3,200.45,Churned,2,2,1,5,Lost
13134,85,6,2475.23,Active,3,3,4,10,"Loyal Customers"
13135,196,2,3371.45,Churned,2,2,4,8,Others
13136,56,13,6274.56,Active,3,4,4,11,"Loyal Customers"
13137,10,16,7712.70,Active,4,4,4,12,Champions
13138,22,7,1467.24,Active,4,3,3,10,"Loyal Customers"
13139,16,8,8202.98,Active,4,4,4,12,Champions
13140,108,5,1215.68,Churned,2,3,3,8,"At Risk"
13141,84,17,7668.58,Active,3,4,4,11,"Loyal Customers"
13142,19,1,307.09,Active,4,1,1,6,"New Customers"
13143,584,1,405.10,Churned,1,1,2,4,Lost
13144,332,2,135.35,Churned,2,2,1,5,Lost
13145,39,7,1423.52,Active,3,3,3,9,"Loyal Customers"
13146,26,1,228.91,Active,3,1,1,5,Others
13147,10,4,712.80,Active,4,3,2,9,"Loyal Customers"
13148,29,26,8621.81,Active,3,4,4,11,"Loyal Customers"
13149,14,4,1676.06,Active,4,3,3,10,"Loyal Customers"
13150,484,3,449.97,Churned,1,2,2,5,Lost
13151,295,3,2580.74,Churned,2,2,4,8,Others
13152,417,7,2146.38,Churned,1,3,3,7,"At Risk"
13153,5,1,486.22,Active,4,1,2,7,"New Customers"
13154,399,3,1624.84,Churned,1,2,3,6,Others
13155,33,6,1750.18,Active,3,3,3,9,"Loyal Customers"
13156,385,3,1586.54,Churned,1,2,3,6,Others
13157,49,9,5687.36,Active,3,4,4,11,"Loyal Customers"
13158,94,5,1508.18,Churned,3,3,3,9,"Loyal Customers"
13159,8,4,1437.85,Active,4,3,3,10,"Loyal Customers"
13160,22,1,91.80,Active,4,1,1,6,"New Customers"
13161,313,2,478.88,Churned,2,2,2,6,Lost
13162,122,16,9275.49,Churned,2,4,4,10,"At Risk"
13163,610,1,17.65,Churned,1,1,1,3,Lost
13164,569,2,372.20,Churned,1,2,2,5,Lost
13165,46,3,1451.16,Active,3,2,3,8,Others
13166,283,2,884.18,Churned,2,2,2,6,Lost
13167,18,5,1125.15,Active,4,3,3,10,"Loyal Customers"
13168,36,5,1875.31,Active,3,3,3,9,"Loyal Customers"
13169,63,3,840.08,Active,3,2,2,7,Others
13170,26,1,116.01,Active,3,1,1,5,Others
13171,21,3,468.41,Active,4,2,2,8,"New Customers"
13172,400,1,69.60,Churned,1,1,1,3,Lost
13173,4,11,2639.35,Active,4,4,4,12,Champions
13174,16,12,9494.84,Active,4,4,4,12,Champions
13175,582,2,831.45,Churned,1,2,2,5,Lost
13176,46,1,492.84,Active,3,1,2,6,Others
13177,64,2,512.20,Active,3,2,2,7,Others
13178,26,21,14059.19,Active,3,4,4,11,"Loyal Customers"
13179,618,1,572.31,Churned,1,1,2,4,Lost
13180,607,1,86.10,Churned,1,1,1,3,Lost
13181,381,1,359.69,Churned,1,1,2,4,Lost
13182,45,1,121.18,Active,3,1,1,5,Others
13183,7,15,7036.18,Active,4,4,4,12,Champions
13184,14,10,1701.29,Active,4,4,3,11,"Loyal Customers"
13185,267,1,71.40,Churned,2,1,1,4,Lost
13186,39,3,1575.89,Active,3,2,3,8,Others
13187,337,4,367.01,Churned,2,3,2,7,"At Risk"
13188,11,1,114.60,Active,4,1,1,6,"New Customers"
13189,18,2,260.68,Active,4,2,1,7,"New Customers"
13190,544,3,570.66,Churned,1,2,2,5,Lost
13191,658,1,164.69,Churned,1,1,1,3,Lost
13192,95,6,2558.58,Churned,3,3,4,10,"Loyal Customers"
13193,61,1,117.88,Active,3,1,1,5,Others
13194,135,2,472.78,Churned,2,2,2,6,Lost
13195,414,1,172.38,Churned,1,1,1,3,Lost
13196,11,7,3068.84,Active,4,3,4,11,"Loyal Customers"
13197,609,1,373.01,Churned,1,1,2,4,Lost
13198,10,8,4974.23,Active,4,4,4,12,Champions
13199,3,67,16432.89,Active,4,4,4,12,Champions
13200,19,4,870.09,Active,4,3,2,9,"Loyal Customers"
13201,502,4,1240.61,Churned,1,3,3,7,"At Risk"
13202,394,7,1580.30,Churned,1,3,3,7,"At Risk"
13203,9,10,2648.25,Active,4,4,4,12,Champions
13204,731,1,966.66,Churned,1,1,3,5,Others
13205,443,1,2803.20,Churned,1,1,4,6,Others
13206,400,13,8377.32,Churned,1,4,4,9,"At Risk"
13207,15,4,535.86,Active,4,3,2,9,"Loyal Customers"
13208,58,9,1988.50,Active,3,4,3,10,"Loyal Customers"
13209,30,13,8509.51,Active,3,4,4,11,"Loyal Customers"
13210,93,1,353.48,Churned,3,1,2,6,Others
13211,10,10,2729.32,Active,4,4,4,12,Champions
13212,19,3,788.08,Active,4,2,2,8,"New Customers"
13213,56,11,3851.52,Active,3,4,4,11,"Loyal Customers"
13214,417,7,3264.23,Churned,1,3,4,8,"At Risk"
13215,402,1,81.60,Churned,1,1,1,3,Lost
13216,267,1,333.74,Churned,2,1,1,4,Lost
13217,122,4,666.48,Churned,2,3,2,7,"At Risk"
13218,127,1,62.64,Churned,2,1,1,4,Lost
13219,618,1,76.23,Churned,1,1,1,3,Lost
13220,78,5,1336.09,Active,3,3,3,9,"Loyal Customers"
13221,240,2,847.41,Churned,2,2,2,6,Lost
13222,577,1,88.50,Churned,1,1,1,3,Lost
13223,200,6,969.12,Churned,2,3,3,8,"At Risk"
13224,60,2,2155.95,Active,3,2,3,8,Others
13225,3,16,16260.07,Active,4,4,4,12,Champions
13226,273,2,312.46,Churned,2,2,1,5,Lost
13227,201,1,257.70,Churned,2,1,1,4,Lost
13228,81,1,358.00,Active,3,1,2,6,Others
13229,225,1,160.95,Churned,2,1,1,4,Lost
13230,4,30,6360.78,Active,4,4,4,12,Champions
13232,12,7,1357.60,Active,4,3,3,10,"Loyal Customers"
13233,74,4,1176.46,Active,3,3,3,9,"Loyal Customers"
13234,672,2,356.95,Churned,1,2,2,5,Lost
13235,212,1,1031.07,Churned,2,1,3,6,Others
13236,24,2,744.85,Active,4,2,2,8,"New Customers"
13237,387,1,643.00,Churned,1,1,2,4,Lost
13238,17,6,1006.63,Active,4,3,3,10,"Loyal Customers"
13239,261,5,1594.69,Churned,2,3,3,8,"At Risk"
13240,96,8,1738.52,Churned,2,4,3,9,"At Risk"
13241,411,1,115.58,Churned,1,1,1,3,Lost
13242,112,7,699.40,Churned,2,3,2,7,"At Risk"
13243,203,5,1278.04,Churned,2,3,3,8,"At Risk"
13244,92,1,121.74,Churned,3,1,1,5,Others
13245,50,2,989.22,Active,3,2,3,8,Others
13246,18,11,3387.43,Active,4,4,4,12,Champions
13247,17,4,501.12,Active,4,3,2,9,"Loyal Customers"
13248,124,2,465.68,Churned,2,2,2,6,Lost
13249,92,9,1608.93,Churned,3,4,3,10,"Loyal Customers"
13250,460,2,256.04,Churned,1,2,1,4,Lost
13251,402,1,252.68,Churned,1,1,1,3,Lost
13252,394,2,399.30,Churned,1,2,2,5,Lost
13253,156,4,2951.11,Churned,2,3,4,9,"At Risk"
13254,376,1,51.41,Churned,2,1,1,4,Lost
13255,9,3,904.46,Active,4,2,3,9,"New Customers"
13257,436,1,149.75,Churned,1,1,1,3,Lost
13258,11,5,1035.18,Active,4,3,3,10,"Loyal Customers"
13259,61,9,1433.38,Active,3,4,3,10,"Loyal Customers"
13260,61,1,557.62,Active,3,1,2,6,Others
13261,268,2,944.10,Churned,2,2,3,7,Others
13262,263,3,573.45,Churned,2,2,2,6,Lost
13263,1,39,8704.69,Active,4,4,4,12,Champions
13264,442,1,722.56,Churned,1,1,2,4,Lost
13265,53,5,2107.66,Active,3,3,3,9,"Loyal Customers"
13266,11,19,6135.04,Active,4,4,4,12,Champions
13267,2,36,9758.26,Active,4,4,4,12,Champions
13268,17,11,3214.69,Active,4,4,4,12,Champions
13269,1,28,8891.70,Active,4,4,4,12,Champions
13270,366,1,1180.00,Churned,2,1,3,6,Others
13271,37,1,217.38,Active,3,1,1,5,Others
13272,31,2,276.56,Active,3,2,1,6,Others
13273,113,1,138.98,Churned,2,1,1,4,Lost
13274,409,1,360.85,Churned,1,1,2,4,Lost
13275,383,2,241.66,Churned,1,2,1,4,Lost
13276,63,5,1939.26,Active,3,3,3,9,"Loyal Customers"
13277,15,7,523.30,Active,4,3,2,9,"Loyal Customers"
13278,40,4,1435.85,Active,3,3,3,9,"Loyal Customers"
13279,78,1,137.75,Active,3,1,1,5,Others
13280,122,7,2322.63,Churned,2,3,4,9,"At Risk"
13281,439,1,350.85,Churned,1,1,2,4,Lost
13282,18,4,1313.19,Active,4,3,3,10,"Loyal Customers"
13283,59,4,373.36,Active,3,3,2,8,"Loyal Customers"
13284,330,1,201.19,Churned,2,1,1,4,Lost
13285,23,6,3364.59,Active,4,3,4,11,"Loyal Customers"
13286,600,1,734.91,Churned,1,1,2,4,Lost
13287,603,3,781.59,Churned,1,2,2,5,Lost
13288,443,5,927.61,Churned,1,3,3,7,"At Risk"
13289,723,1,307.95,Churned,1,1,1,3,Lost
13290,438,1,208.63,Churned,1,1,1,3,Lost
13291,155,11,3320.84,Churned,2,4,4,10,"At Risk"
13292,38,5,994.51,Active,3,3,3,9,"Loyal Customers"
13293,392,6,1192.94,Churned,1,3,3,7,"At Risk"
13294,189,3,1689.53,Churned,2,2,3,7,Others
13295,359,4,1101.97,Churned,2,3,3,8,"At Risk"
13296,137,6,792.51,Churned,2,3,2,7,"At Risk"
13297,7,7,4368.62,Active,4,3,4,11,"Loyal Customers"
13298,1,1,360.00,Active,4,1,2,7,"New Customers"
13299,268,3,1218.70,Churned,2,2,3,7,Others
13300,169,3,1285.51,Churned,2,2,3,7,Others
13301,103,4,618.09,Churned,2,3,2,7,"At Risk"
13302,155,2,159.20,Churned,2,2,1,5,Lost
13303,400,1,61.72,Churned,1,1,1,3,Lost
13304,351,4,1217.99,Churned,2,3,3,8,"At Risk"
13305,4,16,3754.71,Active,4,4,4,12,Champions
13306,430,1,53.65,Churned,1,1,1,3,Lost
13307,120,3,273.34,Churned,2,2,1,5,Lost
13308,22,4,1670.37,Active,4,3,3,10,"Loyal Customers"
13309,7,6,1706.37,Active,4,3,3,10,"Loyal Customers"
13310,28,5,1541.20,Active,3,3,3,9,"Loyal Customers"
13311,4,2,598.57,Active,4,2,2,8,"New Customers"
13312,451,1,124.75,Churned,1,1,1,3,Lost
13313,22,12,3445.32,Active,4,4,4,12,Champions
13314,1,3,775.94,Active,4,2,2,8,"New Customers"
13315,689,1,310.26,Churned,1,1,1,3,Lost
13316,37,10,13191.57,Active,3,4,4,11,"Loyal Customers"
13317,66,19,6486.09,Active,3,4,4,11,"Loyal Customers"
13318,1,3,640.76,Active,4,2,2,8,"New Customers"
13319,5,58,22082.50,Active,4,4,4,12,Champions
13320,78,6,2228.10,Active,3,3,3,9,"Loyal Customers"
13321,72,2,567.36,Active,3,2,2,7,Others
13322,17,1,199.48,Active,4,1,1,6,"New Customers"
13323,3,5,787.85,Active,4,3,2,9,"Loyal Customers"
13324,36,18,10513.47,Active,3,4,4,11,"Loyal Customers"
13325,81,1,675.30,Active,3,1,2,6,Others
13326,432,1,281.76,Churned,1,1,1,3,Lost
13327,38,20,9879.48,Active,3,4,4,11,"Loyal Customers"
13328,316,1,1308.48,Churned,2,1,3,6,Others
13329,31,8,5112.97,Active,3,4,4,11,"Loyal Customers"
13330,92,6,2806.18,Churned,3,3,4,10,"Loyal Customers"
13331,401,1,262.40,Churned,1,1,1,3,Lost
13332,14,1,350.90,Active,4,1,2,7,"New Customers"
13333,411,3,1015.74,Churned,1,2,3,6,Others
13334,82,5,6263.75,Active,3,3,4,10,"Loyal Customers"
13336,77,1,795.12,Active,3,1,2,6,Others
13337,546,1,1575.26,Churned,1,1,3,5,Others
13338,157,4,2445.62,Churned,2,3,4,9,"At Risk"
13339,200,1,860.12,Churned,2,1,2,5,Lost
13340,45,12,22100.56,Active,3,4,4,11,"Loyal Customers"
13341,260,1,775.85,Churned,2,1,2,5,Lost
13343,177,1,353.43,Churned,2,1,2,5,Lost
13344,67,3,2543.72,Active,3,2,4,9,Others
13345,287,1,389.50,Churned,2,1,2,5,Lost
13346,462,6,299.40,Churned,1,3,1,5,"At Risk"
13347,70,1,341.36,Active,3,1,1,5,Others
13348,64,1,233.76,Active,3,1,1,5,Others
13349,10,1,247.32,Active,4,1,1,6,"New Customers"
13350,16,2,979.12,Active,4,2,3,9,"New Customers"
13351,66,1,373.94,Active,3,1,2,6,Others
13352,60,1,397.98,Active,3,1,2,6,Others
13354,71,1,743.53,Active,3,1,2,6,Others
13355,122,1,674.70,Churned,2,1,2,5,Lost
13356,80,1,768.24,Active,3,1,2,6,Others
13357,257,5,3838.36,Churned,2,3,4,9,"At Risk"
13358,268,1,439.03,Churned,2,1,2,5,Lost
13359,63,2,1043.31,Active,3,2,3,8,Others
13360,431,4,1553.65,Churned,1,3,3,7,"At Risk"
13361,472,2,1450.50,Churned,1,2,3,6,Others
13362,9,7,5394.07,Active,4,3,4,11,"Loyal Customers"
13363,17,3,1723.86,Active,4,2,3,9,"New Customers"
13364,71,1,134.96,Active,3,1,1,5,Others
13365,33,2,2225.37,Active,3,2,3,8,Others
13366,50,1,56.16,Active,3,1,1,5,Others
13367,431,1,510.20,Churned,1,1,2,4,Lost
13368,256,4,1121.50,Churned,2,3,3,8,"At Risk"
13369,365,1,616.56,Churned,2,1,2,5,Lost
13370,371,1,1509.74,Churned,2,1,3,6,Others
13371,505,2,2297.66,Churned,1,2,3,6,Others
13372,89,1,378.64,Active,3,1,2,6,Others
13373,60,6,7587.19,Active,3,3,4,10,"Loyal Customers"
13374,414,2,422.80,Churned,1,2,2,5,Lost
13375,88,2,1792.23,Active,3,2,3,8,Others
13376,99,3,1019.76,Churned,2,2,3,7,Others
13377,396,2,1552.88,Churned,1,2,3,6,Others
13379,26,3,572.56,Active,3,2,2,7,Others
13380,432,1,62.40,Churned,1,1,1,3,Lost
13381,31,12,8224.37,Active,3,4,4,11,"Loyal Customers"
13382,280,5,1387.58,Churned,2,3,3,8,"At Risk"
13383,543,1,305.28,Churned,1,1,1,3,Lost
13384,30,11,6680.83,Active,3,4,4,11,"Loyal Customers"
13385,329,1,534.57,Churned,2,1,2,5,Lost
13386,414,2,835.46,Churned,1,2,2,5,Lost
13387,417,1,189.44,Churned,1,1,1,3,Lost
13388,131,3,1185.65,Churned,2,2,3,7,Others
13389,11,3,797.96,Active,4,2,2,8,"New Customers"
13390,74,1,544.08,Active,3,1,2,6,Others
13391,203,1,59.80,Churned,2,1,1,4,Lost
13392,677,1,91.14,Churned,1,1,1,3,Lost
13393,583,4,1131.45,Churned,1,3,3,7,"At Risk"
13394,1,19,6621.70,Active,4,4,4,12,Champions
13395,185,3,1180.23,Churned,2,2,3,7,Others
13396,29,2,1360.99,Active,3,2,3,8,Others
13397,72,10,3191.87,Active,3,4,4,11,"Loyal Customers"
13398,192,2,670.34,Churned,2,2,2,6,Lost
13399,464,3,275.40,Churned,1,2,1,4,Lost
13400,582,1,310.83,Churned,1,1,1,3,Lost
13402,127,4,1535.13,Churned,2,3,3,8,"At Risk"
13403,17,3,229.50,Active,4,2,1,7,"New Customers"
13404,1,2,252.49,Active,4,2,1,7,"New Customers"
13405,74,6,1213.81,Active,3,3,3,9,"Loyal Customers"
13406,427,2,568.92,Churned,1,2,2,5,Lost
13407,578,3,2244.70,Churned,1,2,3,6,Others
13408,1,106,51733.46,Active,4,4,4,12,Champions
13410,24,9,2201.96,Active,4,4,3,11,"Loyal Customers"
13411,107,1,213.55,Churned,2,1,1,4,Lost
13412,620,1,487.35,Churned,1,1,2,4,Lost
13413,639,6,429.44,Churned,1,3,2,6,"At Risk"
13414,133,6,2494.14,Churned,2,3,4,9,"At Risk"
13415,472,4,800.67,Churned,1,3,2,6,"At Risk"
13416,43,3,940.80,Active,3,2,3,8,Others
13417,4,6,1669.49,Active,4,3,3,10,"Loyal Customers"
13418,11,31,12233.60,Active,4,4,4,12,Champions
13419,63,1,221.06,Active,3,1,1,5,Others
13420,149,2,159.85,Churned,2,2,1,5,Lost
13421,40,8,4103.12,Active,3,4,4,11,"Loyal Customers"
13422,64,1,2626.30,Active,3,1,4,8,Others
13423,428,1,217.03,Churned,1,1,1,3,Lost
13424,449,1,572.77,Churned,1,1,2,4,Lost
13425,108,5,3403.63,Churned,2,3,4,9,"At Risk"
13426,0,22,8167.38,Active,4,4,4,12,Champions
13427,19,6,1006.53,Active,4,3,3,10,"Loyal Customers"
13428,10,3,499.98,Active,4,2,2,8,"New Customers"
13429,10,4,1006.80,Active,4,3,3,10,"Loyal Customers"
13430,18,2,679.45,Active,4,2,2,8,"New Customers"
13431,67,8,3316.24,Active,3,4,4,11,"Loyal Customers"
13432,571,2,439.10,Churned,1,2,2,5,Lost
13433,501,4,658.32,Churned,1,3,2,6,"At Risk"
13434,74,5,1666.86,Active,3,3,3,9,"Loyal Customers"
13435,5,9,4475.23,Active,4,4,4,12,Champions
13436,1,1,196.89,Active,4,1,1,6,"New Customers"
13437,14,7,3408.06,Active,4,3,4,11,"Loyal Customers"
13438,547,1,46.50,Churned,1,1,1,3,Lost
13439,255,3,986.61,Churned,2,2,3,7,Others
13440,423,7,1295.25,Churned,1,3,3,7,"At Risk"
13441,91,2,720.90,Churned,3,2,2,7,Others
13442,667,3,419.87,Churned,1,2,2,5,Lost
13443,448,6,1280.16,Churned,1,3,3,7,"At Risk"
13444,374,2,631.68,Churned,2,2,2,6,Lost
13445,626,1,241.90,Churned,1,1,1,3,Lost
13446,430,11,3881.89,Churned,1,4,4,9,"At Risk"
13447,23,3,1129.14,Active,4,2,3,9,"New Customers"
13448,16,13,9240.87,Active,4,4,4,12,Champions
13449,23,1,291.88,Active,4,1,1,6,"New Customers"
13450,26,13,4120.04,Active,3,4,4,11,"Loyal Customers"
13451,26,11,7190.92,Active,3,4,4,11,"Loyal Customers"
13452,259,3,729.80,Churned,2,2,2,6,Lost
13453,165,3,781.69,Churned,2,2,2,6,Lost
13454,641,1,219.87,Churned,1,1,1,3,Lost
13455,24,6,2905.93,Active,4,3,4,11,"Loyal Customers"
13456,17,6,1766.72,Active,4,3,3,10,"Loyal Customers"
13457,688,2,148.22,Churned,1,2,1,4,Lost
13458,7,16,11959.27,Active,4,4,4,12,Champions
13459,624,2,1160.41,Churned,1,2,3,6,Others
13460,29,2,183.44,Active,3,2,1,6,Others
13461,38,6,4160.00,Active,3,3,4,10,"Loyal Customers"
13462,252,5,1153.85,Churned,2,3,3,8,"At Risk"
13464,58,6,3097.64,Active,3,3,4,10,"Loyal Customers"
13465,446,2,931.12,Churned,1,2,3,6,Others
13466,184,5,1013.35,Churned,2,3,3,8,"At Risk"
13467,10,2,1083.71,Active,4,2,3,9,"New Customers"
13468,1,72,13390.51,Active,4,4,4,12,Champions
13469,653,1,82.40,Churned,1,1,1,3,Lost
13470,99,2,165.00,Churned,2,2,1,5,Lost
13471,1,4,2531.58,Active,4,3,4,11,"Loyal Customers"
13472,463,2,592.24,Churned,1,2,2,5,Lost
13473,60,8,2657.76,Active,3,4,4,11,"Loyal Customers"
13474,236,3,663.79,Churned,2,2,2,6,Lost
13475,191,4,1431.78,Churned,2,3,3,8,"At Risk"
13476,178,5,2061.47,Churned,2,3,3,8,"At Risk"
13477,37,11,2834.17,Active,3,4,4,11,"Loyal Customers"
13478,469,5,2215.78,Churned,1,3,3,7,"At Risk"
13479,200,4,851.37,Churned,2,3,2,7,"At Risk"
13480,416,2,627.82,Churned,1,2,2,5,Lost
13481,45,11,3830.84,Active,3,4,4,11,"Loyal Customers"
13482,232,2,336.09,Churned,2,2,1,5,Lost
13483,65,1,140.34,Active,3,1,1,5,Others
13484,241,3,790.72,Churned,2,2,2,6,Lost
13485,233,11,3019.22,Churned,2,4,4,10,"At Risk"
13486,78,3,1122.41,Active,3,2,3,8,Others
13487,57,5,846.87,Active,3,3,2,8,"Loyal Customers"
13488,17,23,15587.88,Active,4,4,4,12,Champions
13489,105,4,449.52,Churned,2,3,2,7,"At Risk"
13490,654,1,154.25,Churned,1,1,1,3,Lost
13491,51,27,4566.56,Active,3,4,4,11,"Loyal Customers"
13492,136,3,1269.84,Churned,2,2,3,7,Others
13493,275,2,618.63,Churned,2,2,2,6,Lost
13494,311,1,316.26,Churned,2,1,1,4,Lost
13495,7,10,5374.26,Active,4,4,4,12,Champions
13496,10,2,653.33,Active,4,2,2,8,"New Customers"
13497,282,6,1320.33,Churned,2,3,3,8,"At Risk"
13498,730,1,327.38,Churned,1,1,1,3,Lost
13499,17,5,1159.11,Active,4,3,3,10,"Loyal Customers"
13500,23,4,1466.30,Active,4,3,3,10,"Loyal Customers"
13501,288,3,2885.11,Churned,2,2,4,8,Others
13502,16,5,780.50,Active,4,3,2,9,"Loyal Customers"
13503,71,6,1905.39,Active,3,3,3,9,"Loyal Customers"
13504,64,1,295.93,Active,3,1,1,5,Others
13505,72,4,4393.63,Active,3,3,4,10,"Loyal Customers"
13506,316,5,1639.20,Churned,2,3,3,8,"At Risk"
13507,3,4,2479.16,Active,4,3,4,11,"Loyal Customers"
13508,243,2,287.05,Churned,2,2,1,5,Lost
13509,8,8,1114.72,Active,4,4,3,11,"Loyal Customers"
13510,1,11,4558.29,Active,4,4,4,12,Champions
13511,676,1,282.76,Churned,1,1,1,3,Lost
13512,260,4,713.39,Churned,2,3,2,7,"At Risk"
13513,126,3,824.59,Churned,2,2,2,6,Lost
13514,73,4,815.90,Active,3,3,2,8,"Loyal Customers"
13515,72,6,1265.82,Active,3,3,3,9,"Loyal Customers"
13516,21,4,1685.26,Active,4,3,3,10,"Loyal Customers"
13517,59,3,2128.42,Active,3,2,3,8,Others
13518,85,1,659.44,Active,3,1,2,6,Others
13519,78,2,343.21,Active,3,2,1,6,Others
13520,58,11,6909.40,Active,3,4,4,11,"Loyal Customers"
13521,1,3,1093.65,Active,4,2,3,9,"New Customers"
13522,30,1,125.80,Active,3,1,1,5,Others
13523,33,6,5101.52,Active,3,3,4,10,"Loyal Customers"
13524,40,5,680.18,Active,3,3,2,8,"Loyal Customers"
13525,14,2,628.78,Active,4,2,2,8,"New Customers"
13526,738,2,1182.00,Churned,1,2,3,6,Others
13527,33,12,4683.74,Active,3,4,4,11,"Loyal Customers"
13529,78,2,307.76,Active,3,2,1,6,Others
13530,634,1,402.98,Churned,1,1,2,4,Lost
13531,205,6,1738.52,Churned,2,3,3,8,"At Risk"
13532,33,1,210.31,Active,3,1,1,5,Others
13533,182,3,270.79,Churned,2,2,1,5,Lost
13534,2,35,7720.90,Active,4,4,4,12,Champions
13535,402,1,89.50,Churned,1,1,1,3,Lost
13536,1,7,3448.29,Active,4,3,4,11,"Loyal Customers"
13537,425,2,717.85,Churned,1,2,2,5,Lost
13538,43,12,3112.73,Active,3,4,4,11,"Loyal Customers"
13539,85,7,1569.36,Active,3,3,3,9,"Loyal Customers"
13540,467,3,632.39,Churned,1,2,2,5,Lost
13541,427,2,785.25,Churned,1,2,2,5,Lost
13542,376,17,4006.17,Churned,2,4,4,10,"At Risk"
13543,634,2,1439.61,Churned,1,2,3,6,Others
13544,39,6,829.00,Active,3,3,2,8,"Loyal Customers"
13545,390,2,374.64,Churned,1,2,2,5,Lost
13546,12,5,1092.14,Active,4,3,3,10,"Loyal Customers"
13547,408,1,175.53,Churned,1,1,1,3,Lost
13548,96,3,908.99,Churned,2,2,3,7,Others
13549,25,8,1005.80,Active,4,4,3,11,"Loyal Customers"
13550,383,1,349.51,Churned,1,1,2,4,Lost
13551,319,2,244.20,Churned,2,2,1,5,Lost
13552,66,22,6978.92,Active,3,4,4,11,"Loyal Customers"
13553,674,1,517.80,Churned,1,1,2,4,Lost
13554,380,7,1638.28,Churned,1,3,3,7,"At Risk"
13555,73,13,8999.19,Active,3,4,4,11,"Loyal Customers"
13556,429,2,200.82,Churned,1,2,1,4,Lost
13557,28,13,3032.26,Active,3,4,4,11,"Loyal Customers"
13558,5,4,605.06,Active,4,3,2,9,"Loyal Customers"
13559,512,2,990.00,Churned,1,2,3,6,Others
13560,7,1,174.37,Active,4,1,1,6,"New Customers"
13561,215,11,1820.72,Churned,2,4,3,9,"At Risk"
13562,81,8,4838.18,Active,3,4,4,11,"Loyal Customers"
13563,84,2,777.53,Active,3,2,2,7,Others
13564,144,37,17249.55,Churned,2,4,4,10,"At Risk"
13565,19,3,414.80,Active,4,2,2,8,"New Customers"
13566,40,5,1708.12,Active,3,3,3,9,"Loyal Customers"
13567,428,4,1083.69,Churned,1,3,3,7,"At Risk"
13568,173,1,192.85,Churned,2,1,1,4,Lost
13569,17,4,893.78,Active,4,3,2,9,"Loyal Customers"
13570,243,1,239.49,Churned,2,1,1,4,Lost
13571,12,26,4546.54,Active,4,4,4,12,Champions
13572,205,1,1384.25,Churned,2,1,3,6,Others
13573,50,6,916.47,Active,3,3,3,9,"Loyal Customers"
13574,411,1,421.25,Churned,1,1,2,4,Lost
13575,23,5,732.07,Active,4,3,2,9,"Loyal Customers"
13576,10,28,11551.74,Active,4,4,4,12,Champions
13577,25,11,3489.28,Active,4,4,4,12,Champions
13578,409,1,147.66,Churned,1,1,1,3,Lost
13579,14,5,1539.04,Active,4,3,3,10,"Loyal Customers"
13580,406,1,107.75,Churned,1,1,1,3,Lost
13581,309,2,280.53,Churned,2,2,1,5,Lost
13582,389,2,241.68,Churned,1,2,1,4,Lost
13583,155,2,1445.03,Churned,2,2,3,7,Others
13584,306,3,392.45,Churned,2,2,2,6,Lost
13585,530,3,684.54,Churned,1,2,2,5,Lost
13586,541,1,131.53,Churned,1,1,1,3,Lost
13587,63,4,1673.50,Active,3,3,3,9,"Loyal Customers"
13588,15,9,2478.95,Active,4,4,4,12,Champions
13589,14,6,1120.74,Active,4,3,3,10,"Loyal Customers"
13590,11,18,6349.59,Active,4,4,4,12,Champions
13591,64,7,2093.94,Active,3,3,3,9,"Loyal Customers"
13592,35,4,247.96,Active,3,3,1,7,"Loyal Customers"
13593,108,14,5523.69,Churned,2,4,4,10,"At Risk"
13594,52,2,533.32,Active,3,2,2,7,Others
13595,516,3,818.22,Churned,1,2,2,5,Lost
13596,5,2,697.04,Active,4,2,2,8,"New Customers"
13597,400,2,396.71,Churned,1,2,2,5,Lost
13598,47,5,789.59,Active,3,3,2,8,"Loyal Customers"
13599,1,33,10167.63,Active,4,4,4,12,Champions
13600,312,2,518.42,Churned,2,2,2,6,Lost
13601,45,4,1185.14,Active,3,3,3,9,"Loyal Customers"
13602,64,4,1025.17,Active,3,3,3,9,"Loyal Customers"
13603,26,1,164.34,Active,3,1,1,5,Others
13604,658,1,717.62,Churned,1,1,2,4,Lost
13605,387,2,522.67,Churned,1,2,2,5,Lost
13606,29,3,280.54,Active,3,2,1,6,Others
13607,40,2,1078.31,Active,3,2,3,8,Others
13608,540,1,236.20,Churned,1,1,1,3,Lost
13609,593,1,167.35,Churned,1,1,1,3,Lost
13610,12,14,2175.88,Active,4,4,3,11,"Loyal Customers"
13611,89,10,3319.53,Active,3,4,4,11,"Loyal Customers"
13612,632,1,818.29,Churned,1,1,2,4,Lost
13613,452,5,1039.85,Churned,1,3,3,7,"At Risk"
13614,24,6,2359.19,Active,4,3,4,11,"Loyal Customers"
13615,318,8,6272.53,Churned,2,4,4,10,"At Risk"
13616,568,2,288.10,Churned,1,2,1,4,Lost
13617,40,8,1278.75,Active,3,4,3,10,"Loyal Customers"
13618,173,1,177.34,Churned,2,1,1,4,Lost
13619,544,2,231.69,Churned,1,2,1,4,Lost
13620,528,1,112.34,Churned,1,1,1,3,Lost
13621,116,1,213.85,Churned,2,1,1,4,Lost
13622,696,1,658.95,Churned,1,1,2,4,Lost
13623,30,10,2566.49,Active,3,4,4,11,"Loyal Customers"
13624,388,1,462.08,Churned,1,1,2,4,Lost
13625,596,1,301.26,Churned,1,1,1,3,Lost
13626,252,2,707.04,Churned,2,2,2,6,Lost
13627,59,7,2245.90,Active,3,3,3,9,"Loyal Customers"
13628,676,1,310.14,Churned,1,1,1,3,Lost
13629,23,19,13370.86,Active,4,4,4,12,Champions
13630,5,7,2031.78,Active,4,3,3,10,"Loyal Customers"
13631,99,11,3070.42,Churned,2,4,4,10,"At Risk"
13632,24,8,3648.15,Active,4,4,4,12,Champions
13634,33,16,5073.47,Active,3,4,4,11,"Loyal Customers"
13635,67,4,2999.16,Active,3,3,4,10,"Loyal Customers"
13636,36,5,949.12,Active,3,3,3,9,"Loyal Customers"
13637,52,3,810.50,Active,3,2,2,7,Others
13638,15,1,122.64,Active,4,1,1,6,"New Customers"
13639,74,2,1346.27,Active,3,2,3,8,Others
13640,611,1,405.00,Churned,1,1,2,4,Lost
13641,640,5,1016.47,Churned,1,3,3,7,"At Risk"
13642,215,4,514.72,Churned,2,3,2,7,"At Risk"
13643,31,10,2156.77,Active,3,4,3,10,"Loyal Customers"
13644,16,4,2624.26,Active,4,3,4,11,"Loyal Customers"
13645,120,1,252.10,Churned,2,1,1,4,Lost
13646,399,2,326.25,Churned,1,2,1,4,Lost
13647,9,8,3071.68,Active,4,4,4,12,Champions
13648,400,8,1764.02,Churned,1,4,3,8,"At Risk"
13649,256,6,1678.88,Churned,2,3,3,8,"At Risk"
13650,16,10,3288.00,Active,4,4,4,12,Champions
13651,35,3,226.85,Active,3,2,1,6,Others
13652,45,5,2570.85,Active,3,3,4,10,"Loyal Customers"
13653,487,1,152.20,Churned,1,1,1,3,Lost
13654,43,11,6308.00,Active,3,4,4,11,"Loyal Customers"
13655,114,6,2280.51,Churned,2,3,3,8,"At Risk"
13656,164,4,1078.85,Churned,2,3,3,8,"At Risk"
13657,10,2,382.14,Active,4,2,2,8,"New Customers"
13658,9,9,6025.50,Active,4,4,4,12,Champions
13659,205,12,4894.88,Churned,2,4,4,10,"At Risk"
13660,400,1,314.59,Churned,1,1,1,3,Lost
13661,603,1,325.24,Churned,1,1,1,3,Lost
13662,85,11,2250.11,Active,3,4,3,10,"Loyal Customers"
13663,179,5,2047.51,Churned,2,3,3,8,"At Risk"
13665,386,3,1711.66,Churned,1,2,3,6,Others
13666,60,5,127.90,Active,3,3,1,7,"Loyal Customers"
13667,149,1,305.02,Churned,2,1,1,4,Lost
13668,2,35,13089.94,Active,4,4,4,12,Champions
13669,50,3,413.55,Active,3,2,2,7,Others
13670,75,1,349.70,Active,3,1,2,6,Others
13671,394,1,194.95,Churned,1,1,1,3,Lost
13672,301,3,419.92,Churned,2,2,2,6,Lost
13673,18,2,396.92,Active,4,2,2,8,"New Customers"
13674,432,1,240.68,Churned,1,1,1,3,Lost
13675,151,2,486.82,Churned,2,2,2,6,Lost
13676,539,2,243.90,Churned,1,2,1,4,Lost
13677,404,2,556.19,Churned,1,2,2,5,Lost
13678,151,1,232.60,Churned,2,1,1,4,Lost
13679,493,3,281.26,Churned,1,2,1,4,Lost
13680,1,12,11435.67,Active,4,4,4,12,Champions
13681,17,4,827.83,Active,4,3,2,9,"Loyal Customers"
13682,187,1,59.50,Churned,2,1,1,4,Lost
13683,457,1,258.60,Churned,1,1,1,3,Lost
13684,285,4,596.98,Churned,2,3,2,7,"At Risk"
13685,2,7,3119.44,Active,4,3,4,11,"Loyal Customers"
13686,182,3,409.04,Churned,2,2,2,6,Lost
13687,438,1,11880.84,Churned,1,1,4,6,Others
13688,635,1,375.50,Churned,1,1,2,4,Lost
13689,63,2,1259.50,Active,3,2,3,8,Others
13690,59,1,172.25,Active,3,1,1,5,Others
13691,396,1,212.78,Churned,1,1,1,3,Lost
13692,24,5,3114.40,Active,4,3,4,11,"Loyal Customers"
13693,374,9,2011.82,Churned,2,4,3,9,"At Risk"
13694,3,143,196482.81,Active,4,4,4,12,Champions
13695,31,16,2770.73,Active,3,4,4,11,"Loyal Customers"
13696,421,3,2020.40,Churned,1,2,3,6,Others
13697,38,1,151.30,Active,3,1,1,5,Others
13698,596,2,465.53,Churned,1,2,2,5,Lost
13699,155,2,764.15,Churned,2,2,2,6,Lost
13700,26,13,2613.46,Active,3,4,4,11,"Loyal Customers"
13701,446,1,161.00,Churned,1,1,1,3,Lost
13702,445,1,135.18,Churned,1,1,1,3,Lost
13703,318,2,425.56,Churned,2,2,2,6,Lost
13704,5,9,2308.06,Active,4,4,3,11,"Loyal Customers"
13705,7,7,2035.33,Active,4,3,3,10,"Loyal Customers"
13706,302,2,631.17,Churned,2,2,2,6,Lost
13707,267,5,3365.86,Churned,2,3,4,9,"At Risk"
13708,271,1,296.88,Churned,2,1,1,4,Lost
13709,3,18,7591.75,Active,4,4,4,12,Champions
13710,31,3,509.52,Active,3,2,2,7,Others
13711,218,9,1792.26,Churned,2,4,3,9,"At Risk"
13712,246,2,766.42,Churned,2,2,2,6,Lost
13713,408,3,743.26,Churned,1,2,2,5,Lost
13714,465,1,161.35,Churned,1,1,1,3,Lost
13715,281,17,8483.29,Churned,2,4,4,10,"At Risk"
13716,269,1,138.28,Churned,2,1,1,4,Lost
13717,32,8,1763.30,Active,3,4,3,10,"Loyal Customers"
13718,246,2,306.55,Churned,2,2,1,5,Lost
13719,15,11,2815.25,Active,4,4,4,12,Champions
13720,116,4,799.90,Churned,2,3,2,7,"At Risk"
13721,36,2,741.54,Active,3,2,2,7,Others
13722,131,10,5635.41,Churned,2,4,4,10,"At Risk"
13723,217,6,1209.20,Churned,2,3,3,8,"At Risk"
13724,637,1,213.01,Churned,1,1,1,3,Lost
13725,49,8,1980.56,Active,3,4,3,10,"Loyal Customers"
13726,38,2,1079.66,Active,3,2,3,8,Others
13727,28,8,1080.05,Active,3,4,3,10,"Loyal Customers"
13728,36,16,2855.17,Active,3,4,4,11,"Loyal Customers"
13729,435,3,724.73,Churned,1,2,2,5,Lost
13730,135,2,752.60,Churned,2,2,2,6,Lost
13731,219,2,610.59,Churned,2,2,2,6,Lost
13732,28,1,491.86,Active,3,1,2,6,Others
13733,410,2,487.03,Churned,1,2,2,5,Lost
13734,508,4,6701.64,Churned,1,3,4,8,"At Risk"
13735,24,13,9813.22,Active,4,4,4,12,Champions
13736,5,7,2766.21,Active,4,3,4,11,"Loyal Customers"
13737,200,1,339.60,Churned,2,1,1,4,Lost
13738,396,1,440.93,Churned,1,1,2,4,Lost
13739,18,2,292.20,Active,4,2,1,7,"New Customers"
13740,240,5,1597.77,Churned,2,3,3,8,"At Risk"
13741,71,3,668.43,Active,3,2,2,7,Others
13742,16,12,3131.02,Active,4,4,4,12,Champions
13743,2,7,1341.60,Active,4,3,3,10,"Loyal Customers"
13744,95,2,1156.36,Churned,3,2,3,8,Others
13745,162,2,777.36,Churned,2,2,2,6,Lost
13746,413,1,176.69,Churned,1,1,1,3,Lost
13747,373,2,249.40,Churned,2,2,1,5,Lost
13748,95,9,2268.35,Churned,3,4,3,10,"Loyal Customers"
13750,53,11,3602.18,Active,3,4,4,11,"Loyal Customers"
13751,288,1,296.25,Churned,2,1,1,4,Lost
13752,124,7,1590.73,Churned,2,3,3,8,"At Risk"
13753,287,4,2094.57,Churned,2,3,3,8,"At Risk"
13754,151,3,447.05,Churned,2,2,2,6,Lost
13755,3,9,2161.35,Active,4,4,3,11,"Loyal Customers"
13756,2,23,9207.50,Active,4,4,4,12,Champions
13757,674,1,195.55,Churned,1,1,1,3,Lost
13758,11,15,9416.98,Active,4,4,4,12,Champions
13759,33,2,659.41,Active,3,2,2,7,Others
13760,54,5,1363.64,Active,3,3,3,9,"Loyal Customers"
13761,50,6,1952.17,Active,3,3,3,9,"Loyal Customers"
13762,218,5,2472.48,Churned,2,3,4,9,"At Risk"
13763,63,3,5217.44,Active,3,2,4,9,Others
13764,70,6,2953.26,Active,3,3,4,10,"Loyal Customers"
13765,653,1,352.82,Churned,1,1,2,4,Lost
13766,495,1,190.35,Churned,1,1,1,3,Lost
13767,2,73,35540.53,Active,4,4,4,12,Champions
13768,726,2,875.97,Churned,1,2,2,5,Lost
13769,2,20,5800.42,Active,4,4,4,12,Champions
13770,422,4,785.37,Churned,1,3,2,6,"At Risk"
13771,64,9,5728.82,Active,3,4,4,11,"Loyal Customers"
13772,33,8,3114.22,Active,3,4,4,11,"Loyal Customers"
13773,396,2,301.54,Churned,1,2,1,4,Lost
13774,81,1,345.00,Active,3,1,1,5,Others
13775,590,1,1049.66,Churned,1,1,3,5,Others
13776,428,2,623.98,Churned,1,2,2,5,Lost
13777,0,61,56478.42,Active,4,4,4,12,Champions
13778,103,4,1124.49,Churned,2,3,3,8,"At Risk"
13779,515,1,161.13,Churned,1,1,1,3,Lost
13780,7,3,735.82,Active,4,2,2,8,"New Customers"
13781,250,3,778.83,Churned,2,2,2,6,Lost
13782,12,13,1793.72,Active,4,4,3,11,"Loyal Customers"
13783,487,4,1542.09,Churned,1,3,3,7,"At Risk"
13784,9,14,2910.23,Active,4,4,4,12,Champions
13785,428,4,542.49,Churned,1,3,2,6,"At Risk"
13786,367,6,3358.94,Churned,2,3,4,9,"At Risk"
13787,75,6,1222.50,Active,3,3,3,9,"Loyal Customers"
13788,505,1,3.75,Churned,1,1,1,3,Lost
13789,388,1,239.46,Churned,1,1,1,3,Lost
13790,4,1,348.80,Active,4,1,2,7,"New Customers"
13791,127,2,1516.00,Churned,2,2,3,7,Others
13792,66,3,383.95,Active,3,2,2,7,Others
13793,646,1,96.00,Churned,1,1,1,3,Lost
13794,546,1,126.03,Churned,1,1,1,3,Lost
13795,388,4,836.30,Churned,1,3,2,6,"At Risk"
13796,499,1,289.70,Churned,1,1,1,3,Lost
13797,436,3,1179.45,Churned,1,2,3,6,Others
13798,1,110,75836.87,Active,4,4,4,12,Champions
13799,116,9,2803.57,Churned,2,4,4,10,"At Risk"
13800,309,3,1679.56,Churned,2,2,3,7,Others
13801,66,1,324.80,Active,3,1,1,5,Others
13802,138,19,26259.11,Churned,2,4,4,10,"At Risk"
13803,255,3,1338.91,Churned,2,2,3,7,Others
13804,30,9,3208.52,Active,3,4,4,11,"Loyal Customers"
13805,52,2,924.60,Active,3,2,3,8,Others
13806,63,1,256.38,Active,3,1,1,5,Others
13807,367,3,534.80,Churned,2,2,2,6,Lost
13808,5,5,1747.66,Active,4,3,3,10,"Loyal Customers"
13809,305,3,679.70,Churned,2,2,2,6,Lost
13810,28,3,1499.01,Active,3,2,3,8,Others
13811,183,3,814.50,Churned,2,2,2,6,Lost
13812,42,3,539.00,Active,3,2,2,7,Others
13813,39,8,2765.47,Active,3,4,4,11,"Loyal Customers"
13814,92,3,2257.32,Churned,3,2,3,8,Others
13815,22,8,7475.74,Active,4,4,4,12,Champions
13816,23,2,571.67,Active,4,2,2,8,"New Customers"
13817,29,2,382.98,Active,3,2,2,7,Others
13818,429,1,61.28,Churned,1,1,1,3,Lost
13819,301,6,2642.35,Churned,2,3,4,9,"At Risk"
13820,418,3,660.65,Churned,1,2,2,5,Lost
13821,144,6,1410.73,Churned,2,3,3,8,"At Risk"
13822,5,2,632.00,Active,4,2,2,8,"New Customers"
13823,18,7,3403.45,Active,4,3,4,11,"Loyal Customers"
13824,32,12,3314.76,Active,3,4,4,11,"Loyal Customers"
13825,621,2,255.59,Churned,1,2,1,4,Lost
13826,176,1,189.50,Churned,2,1,1,4,Lost
13827,57,3,412.05,Active,3,2,2,7,Others
13828,22,1,209.49,Active,4,1,1,6,"New Customers"
13829,421,1,102.00,Churned,1,1,1,3,Lost
13830,581,1,156.85,Churned,1,1,1,3,Lost
13831,16,18,7023.58,Active,4,4,4,12,Champions
13832,19,2,613.69,Active,4,2,2,8,"New Customers"
13833,159,2,701.36,Churned,2,2,2,6,Lost
13834,576,2,324.19,Churned,1,2,1,4,Lost
13835,25,7,1095.27,Active,4,3,3,10,"Loyal Customers"
13836,399,2,620.37,Churned,1,2,2,5,Lost
13837,211,2,271.24,Churned,2,2,1,5,Lost
13838,5,10,1966.09,Active,4,4,3,11,"Loyal Customers"
13839,486,1,139.95,Churned,1,1,1,3,Lost
13840,416,1,651.40,Churned,1,1,2,4,Lost
13841,252,1,85.00,Churned,2,1,1,4,Lost
13842,58,18,5629.91,Active,3,4,4,11,"Loyal Customers"
13843,381,1,319.75,Churned,1,1,1,3,Lost
13844,11,1,361.62,Active,4,1,2,7,"New Customers"
13845,64,1,312.98,Active,3,1,1,5,Others
13846,24,4,1307.79,Active,4,3,3,10,"Loyal Customers"
13847,719,1,310.72,Churned,1,1,1,3,Lost
13848,92,8,3335.00,Churned,3,4,4,11,"Loyal Customers"
13849,51,5,3469.30,Active,3,3,4,10,"Loyal Customers"
13850,129,1,1595.48,Churned,2,1,3,6,Others
13851,95,8,4606.46,Churned,3,4,4,11,"Loyal Customers"
13852,610,1,187.35,Churned,1,1,1,3,Lost
13853,57,1,1090.14,Active,3,1,3,7,Others
13854,8,39,12253.96,Active,4,4,4,12,Champions
13855,500,4,1310.34,Churned,1,3,3,7,"At Risk"
13856,168,11,1142.03,Churned,2,4,3,9,"At Risk"
13857,393,6,1001.01,Churned,1,3,3,7,"At Risk"
13858,57,1,216.17,Active,3,1,1,5,Others
13859,326,2,515.86,Churned,2,2,2,6,Lost
13860,1,5,1245.90,Active,4,3,3,10,"Loyal Customers"
13861,429,2,273.26,Churned,1,2,1,4,Lost
13862,18,9,2556.09,Active,4,4,4,12,Champions
13863,247,4,1239.55,Churned,2,3,3,8,"At Risk"
13864,386,1,662.40,Churned,1,1,2,4,Lost
13865,58,4,501.56,Active,3,3,2,8,"Loyal Customers"
13866,74,1,145.67,Active,3,1,1,5,Others
13867,31,3,1015.29,Active,3,2,3,8,Others
13868,7,2,3192.54,Active,4,2,4,10,"New Customers"
13869,123,10,8111.57,Churned,2,4,4,10,"At Risk"
13870,2,15,5712.08,Active,4,4,4,12,Champions
13871,22,17,7885.85,Active,4,4,4,12,Champions
13872,527,3,919.57,Churned,1,2,3,6,Others
13873,119,8,1038.92,Churned,2,4,3,9,"At Risk"
13874,358,7,2049.15,Churned,2,3,3,8,"At Risk"
13875,53,14,4814.37,Active,3,4,4,11,"Loyal Customers"
13876,63,1,122.70,Active,3,1,1,5,Others
13877,86,3,449.68,Active,3,2,2,7,Others
13878,54,4,2473.06,Active,3,3,4,10,"Loyal Customers"
13879,645,1,395.50,Churned,1,1,2,4,Lost
13880,21,17,4391.66,Active,4,4,4,12,Champions
13881,3,43,45179.10,Active,4,4,4,12,Champions
13882,2,5,1191.13,Active,4,3,3,10,"Loyal Customers"
13883,10,15,6560.02,Active,4,4,4,12,Champions
13884,7,10,1888.48,Active,4,4,3,11,"Loyal Customers"
13885,189,2,506.80,Churned,2,2,2,6,Lost
13886,71,1,243.56,Active,3,1,1,5,Others
13887,204,1,349.55,Churned,2,1,2,5,Lost
13888,119,7,2169.05,Churned,2,3,3,8,"At Risk"
13889,92,6,1991.23,Churned,3,3,3,9,"Loyal Customers"
13890,1,14,2927.38,Active,4,4,4,12,Champions
13891,378,3,863.56,Churned,2,2,2,6,Lost
13892,26,6,1267.65,Active,3,3,3,9,"Loyal Customers"
13893,297,1,821.10,Churned,2,1,2,5,Lost
13894,23,3,564.62,Active,4,2,2,8,"New Customers"
13895,28,6,4008.52,Active,3,3,4,10,"Loyal Customers"
13896,625,1,388.55,Churned,1,1,2,4,Lost
13897,50,3,1160.72,Active,3,2,3,8,Others
13898,325,2,686.40,Churned,2,2,2,6,Lost
13899,16,2,388.52,Active,4,2,2,8,"New Customers"
13900,183,6,1610.59,Churned,2,3,3,8,"At Risk"
13901,72,15,5676.34,Active,3,4,4,11,"Loyal Customers"
13902,632,5,34095.26,Churned,1,3,4,8,"At Risk"
13903,400,1,165.45,Churned,1,1,1,3,Lost
13904,37,2,332.64,Active,3,2,1,6,Others
13905,732,1,312.65,Churned,1,1,1,3,Lost
13906,409,1,42.00,Churned,1,1,1,3,Lost
13907,691,1,136.80,Churned,1,1,1,3,Lost
13908,79,4,2369.55,Active,3,3,4,10,"Loyal Customers"
13909,423,2,286.60,Churned,1,2,1,4,Lost
13911,57,20,4234.99,Active,3,4,4,11,"Loyal Customers"
13912,423,1,124.95,Churned,1,1,1,3,Lost
13913,506,1,42.22,Churned,1,1,1,3,Lost
13914,11,2,626.45,Active,4,2,2,8,"New Customers"
13915,394,1,70.80,Churned,1,1,1,3,Lost
13916,463,4,1275.81,Churned,1,3,3,7,"At Risk"
13917,49,2,272.04,Active,3,2,1,6,Others
13918,49,2,1212.84,Active,3,2,3,8,Others
13919,59,4,1360.68,Active,3,3,3,9,"Loyal Customers"
13920,431,4,1774.68,Churned,1,3,3,7,"At Risk"
13921,402,4,730.70,Churned,1,3,2,6,"At Risk"
13922,351,3,865.20,Churned,2,2,2,6,Lost
13923,53,1,351.13,Active,3,1,2,6,Others
13924,1,6,1838.85,Active,4,3,3,10,"Loyal Customers"
13925,92,4,678.25,Churned,3,3,2,8,"Loyal Customers"
13926,23,1,223.85,Active,4,1,1,6,"New Customers"
13927,74,2,708.26,Active,3,2,2,7,Others
13928,10,4,464.57,Active,4,3,2,9,"Loyal Customers"
13929,169,11,3494.10,Churned,2,4,4,10,"At Risk"
13930,57,2,337.34,Active,3,2,1,6,Others
13931,95,11,5257.38,Churned,3,4,4,11,"Loyal Customers"
13932,294,1,307.40,Churned,2,1,1,4,Lost
13933,109,2,608.79,Churned,2,2,2,6,Lost
13934,263,1,922.10,Churned,2,1,3,6,Others
13935,596,3,6116.92,Churned,1,2,4,7,Others
13936,179,3,939.66,Churned,2,2,3,7,Others
13937,169,2,880.13,Churned,2,2,2,6,Lost
13938,35,1,71.66,Active,3,1,1,5,Others
13939,23,7,1560.96,Active,4,4,3,11,"Loyal Customers"
13940,17,4,839.14,Active,4,3,2,9,"Loyal Customers"
13941,21,15,11122.30,Active,4,4,4,12,Champions
13942,534,1,320.00,Churned,1,1,1,3,Lost
13943,577,1,246.54,Churned,1,1,1,3,Lost
13944,653,1,200.43,Churned,1,1,1,3,Lost
13945,394,2,854.15,Churned,1,2,2,5,Lost
13946,79,6,1876.23,Active,3,3,3,9,"Loyal Customers"
13947,65,1,90.60,Active,3,1,1,5,Others
13948,360,4,548.76,Churned,2,3,2,7,"At Risk"
13949,2,6,2427.32,Active,4,3,4,11,"Loyal Customers"
13950,11,4,745.06,Active,4,3,2,9,"Loyal Customers"
13951,176,3,674.45,Churned,2,2,2,6,Lost
13952,217,14,12823.52,Churned,2,4,4,10,"At Risk"
13953,7,12,6640.68,Active,4,4,4,12,Champions
13954,1,2,439.92,Active,4,2,2,8,"New Customers"
13955,154,3,545.17,Churned,2,2,2,6,Lost
13956,5,5,1026.42,Active,4,3,3,10,"Loyal Customers"
13957,417,3,458.25,Churned,1,2,2,5,Lost
13958,379,8,4709.23,Churned,2,4,4,10,"At Risk"
13959,79,6,1076.18,Active,3,3,3,9,"Loyal Customers"
13960,21,2,230.22,Active,4,2,1,7,"New Customers"
13961,392,1,538.40,Churned,1,1,2,4,Lost
13962,21,3,362.80,Active,4,2,2,8,"New Customers"
13963,308,17,3011.87,Churned,2,4,4,10,"At Risk"
13964,387,2,438.90,Churned,1,2,2,5,Lost
13965,476,3,996.61,Churned,1,2,3,6,Others
13966,435,1,390.86,Churned,1,1,2,4,Lost
13967,145,2,166.30,Churned,2,2,1,5,Lost
13968,423,1,123.66,Churned,1,1,1,3,Lost
13969,7,35,13365.87,Active,4,4,4,12,Champions
13970,386,2,846.55,Churned,1,2,2,5,Lost
13971,18,14,4667.57,Active,4,4,4,12,Champions
13972,70,2,190.25,Active,3,2,1,6,Others
13973,287,1,264.70,Churned,2,1,1,4,Lost
13974,49,2,677.72,Active,3,2,2,7,Others
13975,31,12,5358.84,Active,3,4,4,11,"Loyal Customers"
13976,206,4,1192.36,Churned,2,3,3,8,"At Risk"
13977,411,1,519.81,Churned,1,1,2,4,Lost
13978,14,2,196.79,Active,4,2,1,7,"New Customers"
13979,73,7,3416.23,Active,3,4,4,11,"Loyal Customers"
13980,60,5,799.92,Active,3,3,2,8,"Loyal Customers"
13981,415,1,331.14,Churned,1,1,1,3,Lost
13982,39,9,4445.59,Active,3,4,4,11,"Loyal Customers"
13983,29,21,7108.45,Active,3,4,4,11,"Loyal Customers"
13984,26,12,2048.60,Active,3,4,3,10,"Loyal Customers"
13985,4,22,10020.86,Active,4,4,4,12,Champions
13986,17,1,320.46,Active,4,1,1,6,"New Customers"
13987,379,2,682.54,Churned,2,2,2,6,Lost
13988,19,8,4757.80,Active,4,4,4,12,Champions
13989,65,5,2026.06,Active,3,3,3,9,"Loyal Customers"
13990,213,1,311.30,Churned,2,1,1,4,Lost
13991,12,6,855.97,Active,4,3,2,9,"Loyal Customers"
13992,30,3,219.50,Active,3,2,1,6,Others
13993,42,19,6775.71,Active,3,4,4,11,"Loyal Customers"
13994,3,6,2313.14,Active,4,3,4,11,"Loyal Customers"
13995,15,14,3902.01,Active,4,4,4,12,Champions
13996,386,2,895.76,Churned,1,2,2,5,Lost
13997,519,3,382.31,Churned,1,2,2,5,Lost
13998,446,3,566.70,Churned,1,2,2,5,Lost
13999,10,29,9502.26,Active,4,4,4,12,Champions
14000,211,5,2046.34,Churned,2,3,3,8,"At Risk"
14001,45,9,4530.09,Active,3,4,4,11,"Loyal Customers"
14002,134,2,529.73,Churned,2,2,2,6,Lost
14003,732,1,209.41,Churned,1,1,1,3,Lost
14004,43,11,6258.45,Active,3,4,4,11,"Loyal Customers"
14005,9,5,2874.72,Active,4,3,4,11,"Loyal Customers"
14006,115,7,2196.67,Churned,2,4,3,9,"At Risk"
14007,512,1,79.48,Churned,1,1,1,3,Lost
14008,432,1,509.04,Churned,1,1,2,4,Lost
14009,198,3,1099.91,Churned,2,2,3,7,Others
14010,565,2,445.15,Churned,1,2,2,5,Lost
14011,480,2,457.82,Churned,1,2,2,5,Lost
14012,277,1,328.80,Churned,2,1,1,4,Lost
14013,110,5,1084.57,Churned,2,3,3,8,"At Risk"
14014,77,3,1948.21,Active,3,2,3,8,Others
14015,52,1,917.34,Active,3,1,3,7,Others
14016,161,11,11403.41,Churned,2,4,4,10,"At Risk"
14017,571,1,229.75,Churned,1,1,1,3,Lost
14018,645,1,367.15,Churned,1,1,2,4,Lost
14019,46,3,1421.61,Active,3,2,3,8,Others
14020,16,4,1249.01,Active,4,3,3,10,"Loyal Customers"
14021,155,7,1716.58,Churned,2,4,3,9,"At Risk"
14022,225,2,792.15,Churned,2,2,2,6,Lost
14023,7,2,584.07,Active,4,2,2,8,"New Customers"
14024,121,3,645.74,Churned,2,2,2,6,Lost
14025,464,8,4057.90,Churned,1,4,4,9,"At Risk"
14026,470,2,713.11,Churned,1,2,2,5,Lost
14027,60,1,104.82,Active,3,1,1,5,Others
14028,550,3,10396.50,Churned,1,2,4,7,Others
14029,63,2,467.66,Active,3,2,2,7,Others
14030,18,20,8262.29,Active,4,4,4,12,Champions
14031,7,44,40999.17,Active,4,4,4,12,Champions
14032,2,16,4850.27,Active,4,4,4,12,Champions
14033,555,1,109.44,Churned,1,1,1,3,Lost
14034,22,3,651.82,Active,4,2,2,8,"New Customers"
14035,28,9,2856.72,Active,3,4,4,11,"Loyal Customers"
14036,284,1,626.65,Churned,2,1,2,5,Lost
14037,176,6,836.95,Churned,2,3,2,7,"At Risk"
14038,78,5,3069.88,Active,3,3,4,10,"Loyal Customers"
14039,33,2,267.28,Active,3,2,1,6,Others
14040,40,35,12645.57,Active,3,4,4,11,"Loyal Customers"
14041,266,1,141.41,Churned,2,1,1,4,Lost
14042,725,1,431.98,Churned,1,1,2,4,Lost
14043,491,2,304.25,Churned,1,2,1,4,Lost
14044,26,10,3123.10,Active,3,4,4,11,"Loyal Customers"
14045,109,16,11313.03,Churned,2,4,4,10,"At Risk"
14046,284,1,154.99,Churned,2,1,1,4,Lost
14047,8,14,4255.03,Active,4,4,4,12,Champions
14048,305,3,748.69,Churned,2,2,2,6,Lost
14049,16,13,13239.03,Active,4,4,4,12,Champions
14050,31,2,746.36,Active,3,2,2,7,Others
14051,0,37,22434.00,Active,4,4,4,12,Champions
14052,19,2,480.81,Active,4,2,2,8,"New Customers"
14053,124,4,572.30,Churned,2,3,2,7,"At Risk"
14054,65,1,92.46,Active,3,1,1,5,Others
14055,106,3,1520.96,Churned,2,2,3,7,Others
14056,1,23,8214.65,Active,4,4,4,12,Champions
14057,23,22,8408.84,Active,4,4,4,12,Champions
14058,462,2,469.19,Churned,1,2,2,5,Lost
14059,266,1,183.60,Churned,2,1,1,4,Lost
14060,4,30,9519.08,Active,4,4,4,12,Champions
14061,507,3,917.43,Churned,1,2,3,6,Others
14062,9,24,25604.20,Active,4,4,4,12,Champions
14063,438,9,22710.20,Churned,1,4,4,9,"At Risk"
14064,29,15,3332.42,Active,3,4,4,11,"Loyal Customers"
14065,389,3,891.02,Churned,1,2,2,5,Lost
14066,266,1,152.55,Churned,2,1,1,4,Lost
14067,63,2,374.70,Active,3,2,2,7,Others
14068,320,4,1528.37,Churned,2,3,3,8,"At Risk"
14069,514,2,230.06,Churned,1,2,1,4,Lost
14070,684,1,326.55,Churned,1,1,1,3,Lost
14071,3,8,1438.82,Active,4,4,3,11,"Loyal Customers"
14072,666,1,390.85,Churned,1,1,2,4,Lost
14073,32,1,151.04,Active,3,1,1,5,Others
14074,623,1,219.40,Churned,1,1,1,3,Lost
14075,4,6,1734.87,Active,4,3,3,10,"Loyal Customers"
14076,129,1,122.47,Churned,2,1,1,4,Lost
14077,40,6,615.08,Active,3,3,2,8,"Loyal Customers"
14078,101,9,1692.63,Churned,2,4,3,9,"At Risk"
14079,124,2,618.73,Churned,2,2,2,6,Lost
14080,32,5,1115.68,Active,3,3,3,9,"Loyal Customers"
14081,302,10,5370.10,Churned,2,4,4,10,"At Risk"
14082,364,2,413.36,Churned,2,2,2,6,Lost
14083,4,11,1407.26,Active,4,4,3,11,"Loyal Customers"
14084,512,1,150.50,Churned,1,1,1,3,Lost
14085,2,33,10104.97,Active,4,4,4,12,Champions
14086,462,1,39.95,Churned,1,1,1,3,Lost
14087,2,3,846.22,Active,4,2,2,8,"New Customers"
14088,10,16,64036.80,Active,4,4,4,12,Champions
14089,56,1,161.00,Active,3,1,1,5,Others
14090,324,1,76.32,Churned,2,1,1,4,Lost
14091,654,2,9530.08,Churned,1,2,4,7,Others
14092,7,24,7229.45,Active,4,4,4,12,Champions
14093,12,1,442.85,Active,4,1,2,7,"New Customers"
14094,439,1,335.22,Churned,1,1,1,3,Lost
14095,722,1,2.95,Churned,1,1,1,3,Lost
14096,4,17,65164.79,Active,4,4,4,12,Champions
14097,481,2,422.86,Churned,1,2,2,5,Lost
14098,36,1,147.35,Active,3,1,1,5,Others
14099,16,20,5765.71,Active,4,4,4,12,Champions
14100,137,1,194.90,Churned,2,1,1,4,Lost
14101,73,13,9961.93,Active,3,4,4,11,"Loyal Customers"
14102,5,5,1360.28,Active,4,3,3,10,"Loyal Customers"
14104,154,5,771.58,Churned,2,3,2,7,"At Risk"
14105,239,5,5988.83,Churned,2,3,4,9,"At Risk"
14106,737,1,214.80,Churned,1,1,1,3,Lost
14107,51,11,4877.30,Active,3,4,4,11,"Loyal Customers"
14108,30,4,1044.96,Active,3,3,3,9,"Loyal Customers"
14109,72,1,144.20,Active,3,1,1,5,Others
14110,3,33,12987.95,Active,4,4,4,12,Champions
14111,14,4,692.85,Active,4,3,2,9,"Loyal Customers"
14112,22,13,5834.59,Active,4,4,4,12,Champions
14113,3,16,7092.61,Active,4,4,4,12,Champions
14114,273,7,1364.09,Churned,2,4,3,9,"At Risk"
14115,501,2,622.67,Churned,1,2,2,5,Lost
14116,19,5,1382.74,Active,4,3,3,10,"Loyal Customers"
14117,143,1,90.00,Churned,2,1,1,4,Lost
14118,428,1,458.45,Churned,1,1,2,4,Lost
14119,375,2,183.37,Churned,2,2,1,5,Lost
14121,3,4,2780.15,Active,4,3,4,11,"Loyal Customers"
14122,406,3,362.42,Churned,1,2,2,5,Lost
14123,733,1,436.18,Churned,1,1,2,4,Lost
14124,84,1,419.58,Active,3,1,2,6,Others
14125,10,3,2740.43,Active,4,2,4,10,"New Customers"
14126,7,4,1172.46,Active,4,3,3,10,"Loyal Customers"
14127,122,6,1900.08,Churned,2,3,3,8,"At Risk"
14128,60,3,924.21,Active,3,2,3,8,Others
14129,1,9,2591.34,Active,4,4,4,12,Champions
14130,319,4,1882.67,Churned,2,3,3,8,"At Risk"
14131,648,1,187.87,Churned,1,1,1,3,Lost
14132,2,11,3586.03,Active,4,4,4,12,Champions
14133,129,4,911.14,Churned,2,3,3,8,"At Risk"
14134,382,15,11123.35,Churned,1,4,4,9,"At Risk"
14135,1,24,9643.92,Active,4,4,4,12,Champions
14136,400,5,1570.81,Churned,1,3,3,7,"At Risk"
14137,695,1,332.70,Churned,1,1,1,3,Lost
14138,1,2,982.38,Active,4,2,3,9,"New Customers"
14139,46,4,1086.80,Active,3,3,3,9,"Loyal Customers"
14140,3,2,935.05,Active,4,2,3,9,"New Customers"
14141,2,4,915.13,Active,4,3,3,10,"Loyal Customers"
14142,373,2,983.15,Churned,2,2,3,7,Others
14143,133,1,115.80,Churned,2,1,1,4,Lost
14144,486,1,30.60,Churned,1,1,1,3,Lost
14145,46,7,7600.05,Active,3,4,4,11,"Loyal Customers"
14146,8,12,9450.30,Active,4,4,4,12,Champions
14147,78,9,2590.20,Active,3,4,4,11,"Loyal Customers"
14148,233,2,466.29,Churned,2,2,2,6,Lost
14149,220,1,446.62,Churned,2,1,2,5,Lost
14150,35,2,658.64,Active,3,2,2,7,Others
14151,673,2,679.45,Churned,1,2,2,5,Lost
14152,75,7,1997.34,Active,3,4,3,10,"Loyal Customers"
14153,483,1,233.40,Churned,1,1,1,3,Lost
14154,239,8,6460.70,Churned,2,4,4,10,"At Risk"
14155,266,1,118.75,Churned,2,1,1,4,Lost
14156,9,156,313946.37,Active,4,4,4,12,Champions
14157,19,5,1002.78,Active,4,3,3,10,"Loyal Customers"
14158,40,1,507.66,Active,3,1,2,6,Others
14159,19,20,7938.01,Active,4,4,4,12,Champions
14160,610,7,8421.47,Churned,1,4,4,9,"At Risk"
14161,215,7,3318.88,Churned,2,4,4,10,"At Risk"
14162,173,2,289.36,Churned,2,2,1,5,Lost
14163,87,5,2594.62,Active,3,3,4,10,"Loyal Customers"
14164,70,2,1631.77,Active,3,2,3,8,Others
14165,275,1,122.54,Churned,2,1,1,4,Lost
14166,505,2,256.85,Churned,1,2,1,4,Lost
14167,39,8,1296.49,Active,3,4,3,10,"Loyal Customers"
14168,420,2,370.45,Churned,1,2,2,5,Lost
14169,430,2,624.43,Churned,1,2,2,5,Lost
14170,375,3,597.33,Churned,2,2,2,6,Lost
14171,98,2,498.79,Churned,2,2,2,6,Lost
14172,605,3,402.72,Churned,1,2,2,5,Lost
14173,10,6,586.00,Active,4,3,2,9,"Loyal Customers"
14174,33,1,134.46,Active,3,1,1,5,Others
14175,59,8,7678.88,Active,3,4,4,11,"Loyal Customers"
14176,297,5,916.01,Churned,2,3,3,8,"At Risk"
14177,86,13,2229.34,Active,3,4,3,10,"Loyal Customers"
14178,8,7,1620.93,Active,4,4,3,11,"Loyal Customers"
14179,40,2,719.78,Active,3,2,2,7,Others
14180,10,33,6319.25,Active,4,4,4,12,Champions
14181,410,2,310.55,Churned,1,2,1,4,Lost
14182,443,4,678.77,Churned,1,3,2,6,"At Risk"
14183,411,2,286.29,Churned,1,2,1,4,Lost
14184,66,1,452.89,Active,3,1,2,6,Others
14185,331,1,197.65,Churned,2,1,1,4,Lost
14186,427,5,1550.63,Churned,1,3,3,7,"At Risk"
14187,473,1,123.50,Churned,1,1,1,3,Lost
14188,30,6,2054.36,Active,3,3,3,9,"Loyal Customers"
14189,2,16,5814.39,Active,4,4,4,12,Champions
14190,666,1,79.90,Churned,1,1,1,3,Lost
14191,1,15,4817.66,Active,4,4,4,12,Champions
14192,388,1,293.74,Churned,1,1,1,3,Lost
14193,67,3,1210.19,Active,3,2,3,8,Others
14194,4,36,18670.59,Active,4,4,4,12,Champions
14195,201,6,2615.60,Churned,2,3,4,9,"At Risk"
14196,106,1,335.52,Churned,2,1,1,4,Lost
14197,410,1,390.05,Churned,1,1,2,4,Lost
14198,18,9,1569.73,Active,4,4,3,11,"Loyal Customers"
14199,218,4,1091.70,Churned,2,3,3,8,"At Risk"
14200,617,1,379.20,Churned,1,1,2,4,Lost
14201,60,10,1193.54,Active,3,4,3,10,"Loyal Customers"
14202,381,3,847.76,Churned,1,2,2,5,Lost
14203,397,1,339.34,Churned,1,1,1,3,Lost
14204,2,4,1062.96,Active,4,3,3,10,"Loyal Customers"
14205,16,9,2414.20,Active,4,4,4,12,Champions
14206,239,3,1185.01,Churned,2,2,3,7,Others
14207,687,1,157.80,Churned,1,1,1,3,Lost
14208,94,2,567.05,Churned,3,2,2,7,Others
14209,10,15,4993.27,Active,4,4,4,12,Champions
14210,105,16,5861.52,Churned,2,4,4,10,"At Risk"
14211,53,18,4402.29,Active,3,4,4,11,"Loyal Customers"
14212,89,2,2190.14,Active,3,2,3,8,Others
14213,404,1,1192.20,Churned,1,1,3,5,Others
14214,30,5,1004.38,Active,3,3,3,9,"Loyal Customers"
14215,11,9,3416.33,Active,4,4,4,12,Champions
14216,3,5,2150.04,Active,4,3,3,10,"Loyal Customers"
14217,1,23,3416.89,Active,4,4,4,12,Champions
14218,42,1,169.48,Active,3,1,1,5,Others
14219,4,3,633.83,Active,4,2,2,8,"New Customers"
14220,247,4,1515.00,Churned,2,3,3,8,"At Risk"
14221,42,17,6517.49,Active,3,4,4,11,"Loyal Customers"
14222,177,1,683.17,Churned,2,1,2,5,Lost
14223,92,3,991.13,Churned,3,2,3,8,Others
14224,110,9,1897.90,Churned,2,4,3,9,"At Risk"
14225,434,4,2037.02,Churned,1,3,3,7,"At Risk"
14226,28,6,3002.53,Active,3,3,4,10,"Loyal Customers"
14227,26,15,6368.71,Active,3,4,4,11,"Loyal Customers"
14228,437,3,745.50,Churned,1,2,2,5,Lost
14229,51,7,2594.04,Active,3,4,4,11,"Loyal Customers"
14230,435,3,979.80,Churned,1,2,3,6,Others
14231,183,4,1235.62,Churned,2,3,3,8,"At Risk"
14232,42,5,2048.07,Active,3,3,3,9,"Loyal Customers"
14233,49,7,2904.27,Active,3,4,4,11,"Loyal Customers"
14234,22,4,775.46,Active,4,3,2,9,"Loyal Customers"
14235,75,9,4717.99,Active,3,4,4,11,"Loyal Customers"
14236,80,5,1744.64,Active,3,3,3,9,"Loyal Customers"
14237,373,2,632.14,Churned,2,2,2,6,Lost
14238,326,3,434.23,Churned,2,2,2,6,Lost
14239,43,21,4263.17,Active,3,4,4,11,"Loyal Customers"
14240,30,3,1247.49,Active,3,2,3,8,Others
14241,183,2,333.70,Churned,2,2,1,5,Lost
14242,234,2,280.55,Churned,2,2,1,5,Lost
14243,8,17,7431.05,Active,4,4,4,12,Champions
14244,660,1,366.42,Churned,1,1,2,4,Lost
14245,219,2,1693.45,Churned,2,2,3,7,Others
14246,110,3,1474.06,Churned,2,2,3,7,Others
14247,278,5,772.66,Churned,2,3,2,7,"At Risk"
14248,318,3,1032.95,Churned,2,2,3,7,Others
14249,410,12,5625.46,Churned,1,4,4,9,"At Risk"
14250,7,3,1904.05,Active,4,2,3,9,"New Customers"
14251,1,5,2879.70,Active,4,3,4,11,"Loyal Customers"
14252,381,1,350.99,Churned,1,1,2,4,Lost
14253,493,2,363.40,Churned,1,2,2,5,Lost
14254,432,1,601.03,Churned,1,1,2,4,Lost
14255,546,1,1000.63,Churned,1,1,3,5,Others
14256,260,5,2473.99,Churned,2,3,4,9,"At Risk"
14257,64,9,5954.45,Active,3,4,4,11,"Loyal Customers"
14258,9,25,32051.34,Active,4,4,4,12,Champions
14259,141,1,120.00,Churned,2,1,1,4,Lost
14260,471,3,824.28,Churned,1,2,2,5,Lost
14261,50,2,1163.45,Active,3,2,3,8,Others
14262,8,8,2618.23,Active,4,4,4,12,Champions
14263,423,1,322.93,Churned,1,1,1,3,Lost
14264,154,6,1517.36,Churned,2,3,3,8,"At Risk"
14265,109,4,1373.35,Churned,2,3,3,8,"At Risk"
14266,428,1,40.56,Churned,1,1,1,3,Lost
14267,162,3,1516.24,Churned,2,2,3,7,Others
14268,470,1,354.85,Churned,1,1,2,4,Lost
14269,439,1,295.73,Churned,1,1,1,3,Lost
14270,331,1,492.65,Churned,2,1,2,5,Lost
14271,225,2,219.13,Churned,2,2,1,5,Lost
14272,73,4,920.81,Active,3,3,3,9,"Loyal Customers"
14273,51,4,559.97,Active,3,3,2,8,"Loyal Customers"
14274,686,1,256.60,Churned,1,1,1,3,Lost
14275,395,6,1189.38,Churned,1,3,3,7,"At Risk"
14276,98,7,2102.68,Churned,2,4,3,9,"At Risk"
14277,15,9,17225.81,Active,4,4,4,12,Champions
14278,409,1,205.83,Churned,1,1,1,3,Lost
14279,520,2,191.86,Churned,1,2,1,4,Lost
14280,196,1,134.04,Churned,2,1,1,4,Lost
14281,408,1,245.15,Churned,1,1,1,3,Lost
14282,3,25,7849.66,Active,4,4,4,12,Champions
14283,463,4,628.44,Churned,1,3,2,6,"At Risk"
14284,30,3,1299.65,Active,3,2,3,8,Others
14285,21,8,3284.42,Active,4,4,4,12,Champions
14286,23,7,8479.76,Active,4,4,4,12,Champions
14287,8,3,176.63,Active,4,2,1,7,"New Customers"
14288,213,1,426.60,Churned,2,1,2,5,Lost
14289,8,6,911.26,Active,4,3,3,10,"Loyal Customers"
14290,11,8,4516.56,Active,4,4,4,12,Champions
14291,1,23,7904.10,Active,4,4,4,12,Champions
14292,7,16,9226.25,Active,4,4,4,12,Champions
14293,3,9,3267.93,Active,4,4,4,12,Champions
14294,407,1,375.34,Churned,1,1,2,4,Lost
14295,40,5,2362.91,Active,3,3,4,10,"Loyal Customers"
14296,421,2,456.40,Churned,1,2,2,5,Lost
14297,17,4,1305.33,Active,4,3,3,10,"Loyal Customers"
14298,8,82,91194.49,Active,4,4,4,12,Champions
14299,8,27,14499.49,Active,4,4,4,12,Champions
14300,18,1,43.20,Active,4,1,1,6,"New Customers"
14301,117,4,1992.18,Churned,2,3,3,8,"At Risk"
14302,430,3,742.90,Churned,1,2,2,5,Lost
14303,407,2,277.94,Churned,1,2,1,4,Lost
14304,222,3,1725.01,Churned,2,2,3,7,Others
14305,71,3,1858.96,Active,3,2,3,8,Others
14306,51,6,3151.40,Active,3,3,4,10,"Loyal Customers"
14307,88,10,5071.03,Active,3,4,4,11,"Loyal Customers"
14308,549,2,1147.02,Churned,1,2,3,6,Others
14309,8,11,3780.81,Active,4,4,4,12,Champions
14310,432,1,492.10,Churned,1,1,2,4,Lost
14311,242,2,516.45,Churned,2,2,2,6,Lost
14312,46,11,3090.29,Active,3,4,4,11,"Loyal Customers"
14314,106,2,229.80,Churned,2,2,1,5,Lost
14315,44,8,3197.82,Active,3,4,4,11,"Loyal Customers"
14316,422,5,1370.34,Churned,1,3,3,7,"At Risk"
14317,64,1,508.58,Active,3,1,2,6,Others
14318,460,1,158.02,Churned,1,1,1,3,Lost
14319,424,1,494.85,Churned,1,1,2,4,Lost
14320,206,5,1346.75,Churned,2,3,3,8,"At Risk"
14321,10,7,2218.06,Active,4,4,3,11,"Loyal Customers"
14322,429,4,474.10,Churned,1,3,2,6,"At Risk"
14323,114,2,605.06,Churned,2,2,2,6,Lost
14324,409,2,701.61,Churned,1,2,2,5,Lost
14325,569,1,245.48,Churned,1,1,1,3,Lost
14326,242,3,940.98,Churned,2,2,3,7,Others
14327,163,6,1894.93,Churned,2,3,3,8,"At Risk"
14328,438,1,445.05,Churned,1,1,2,4,Lost
14329,17,15,9927.22,Active,4,4,4,12,Champions
14330,623,1,200.63,Churned,1,1,1,3,Lost
14331,124,2,462.66,Churned,2,2,2,6,Lost
14332,22,5,1943.51,Active,4,3,3,10,"Loyal Customers"
14333,67,1,415.20,Active,3,1,2,6,Others
14334,16,12,4318.48,Active,4,4,4,12,Champions
14335,16,2,468.26,Active,4,2,2,8,"New Customers"
14336,16,4,1614.91,Active,4,3,3,10,"Loyal Customers"
14338,161,3,928.10,Churned,2,2,3,7,Others
14339,242,2,620.27,Churned,2,2,2,6,Lost
14340,218,1,134.70,Churned,2,1,1,4,Lost
14341,45,18,4467.32,Active,3,4,4,11,"Loyal Customers"
14342,21,6,918.44,Active,4,3,3,10,"Loyal Customers"
14343,421,4,1088.91,Churned,1,3,3,7,"At Risk"
14344,127,20,3333.70,Churned,2,4,4,10,"At Risk"
14345,38,1,108.98,Active,3,1,1,5,Others
14346,120,5,2315.75,Churned,2,3,4,9,"At Risk"
14347,736,1,82.60,Churned,1,1,1,3,Lost
14348,260,1,409.57,Churned,2,1,2,5,Lost
14349,10,1,133.50,Active,4,1,1,6,"New Customers"
14350,274,3,972.03,Churned,2,2,3,7,Others
14351,164,1,51.00,Churned,2,1,1,4,Lost
14352,157,4,1078.96,Churned,2,3,3,8,"At Risk"
14353,215,3,376.50,Churned,2,2,2,6,Lost
14354,5,2,163.62,Active,4,2,1,7,"New Customers"
14355,365,3,1014.45,Churned,2,2,3,7,Others
14356,79,2,701.23,Active,3,2,2,7,Others
14357,43,1,225.77,Active,3,1,1,5,Others
14358,389,2,400.06,Churned,1,2,2,5,Lost
14359,19,3,912.18,Active,4,2,3,9,"New Customers"
14360,31,4,2128.23,Active,3,3,3,9,"Loyal Customers"
14361,578,1,214.71,Churned,1,1,1,3,Lost
14362,22,1,161.20,Active,4,1,1,6,"New Customers"
14363,402,2,227.47,Churned,1,2,1,4,Lost
14364,108,8,3717.35,Churned,2,4,4,10,"At Risk"
14365,394,2,634.68,Churned,1,2,2,5,Lost
14366,525,1,136.00,Churned,1,1,1,3,Lost
14367,8,16,9261.52,Active,4,4,4,12,Champions
14368,319,1,155.00,Churned,2,1,1,4,Lost
14369,642,2,469.13,Churned,1,2,2,5,Lost
14370,450,6,1175.78,Churned,1,3,3,7,"At Risk"
14371,295,1,100.50,Churned,2,1,1,4,Lost
14372,443,2,860.08,Churned,1,2,2,5,Lost
14373,358,1,76.55,Churned,2,1,1,4,Lost
14374,541,1,108.00,Churned,1,1,1,3,Lost
14375,185,3,1132.99,Churned,2,2,3,7,Others
14376,683,1,215.46,Churned,1,1,1,3,Lost
14377,191,2,617.05,Churned,2,2,2,6,Lost
14378,621,1,131.25,Churned,1,1,1,3,Lost
14379,44,4,1268.91,Active,3,3,3,9,"Loyal Customers"
14380,682,1,48.96,Churned,1,1,1,3,Lost
14381,52,2,631.34,Active,3,2,2,7,Others
14382,26,2,1246.80,Active,3,2,3,8,Others
14383,38,3,1247.69,Active,3,2,3,8,Others
14384,500,1,58.50,Churned,1,1,1,3,Lost
14385,9,3,202.11,Active,4,2,1,7,"New Customers"
14386,296,1,142.40,Churned,2,1,1,4,Lost
14387,32,3,1770.56,Active,3,2,3,8,Others
14388,10,16,6701.00,Active,4,4,4,12,Champions
14389,65,5,1898.01,Active,3,3,3,9,"Loyal Customers"
14390,10,13,6399.83,Active,4,4,4,12,Champions
14391,576,1,135.60,Churned,1,1,1,3,Lost
14392,432,1,266.40,Churned,1,1,1,3,Lost
14393,218,1,67.95,Churned,2,1,1,4,Lost
14394,564,1,93.80,Churned,1,1,1,3,Lost
14395,2,20,8208.01,Active,4,4,4,12,Champions
14396,65,7,2121.93,Active,3,4,3,10,"Loyal Customers"
14397,2,19,2612.96,Active,4,4,4,12,Champions
14398,401,2,707.79,Churned,1,2,2,5,Lost
14399,394,8,2113.16,Churned,1,4,3,8,"At Risk"
14400,149,3,1732.47,Churned,2,2,3,7,Others
14401,4,22,6795.90,Active,4,4,4,12,Champions
14402,652,1,285.60,Churned,1,1,1,3,Lost
14403,130,6,1880.51,Churned,2,3,3,8,"At Risk"
14404,33,13,2899.11,Active,3,4,4,11,"Loyal Customers"
14405,386,1,195.00,Churned,1,1,1,3,Lost
14406,119,1,156.75,Churned,2,1,1,4,Lost
14407,107,6,2157.73,Churned,2,3,3,8,"At Risk"
14408,10,11,4109.77,Active,4,4,4,12,Champions
14409,71,9,3756.09,Active,3,4,4,11,"Loyal Customers"
14410,92,11,2651.14,Churned,3,4,4,11,"Loyal Customers"
14411,310,1,1063.00,Churned,2,1,3,6,Others
14412,42,3,1426.19,Active,3,2,3,8,Others
14413,362,4,770.37,Churned,2,3,2,7,"At Risk"
14414,91,8,2399.33,Churned,3,4,4,11,"Loyal Customers"
14415,1,23,12091.60,Active,4,4,4,12,Champions
14416,22,2,490.22,Active,4,2,2,8,"New Customers"
14417,387,1,604.20,Churned,1,1,2,4,Lost
14418,3,3,1937.25,Active,4,2,3,9,"New Customers"
14419,10,7,1260.91,Active,4,4,3,11,"Loyal Customers"
14420,99,4,1639.17,Churned,2,3,3,8,"At Risk"
14421,57,6,2469.37,Active,3,3,4,10,"Loyal Customers"
14422,0,19,10271.52,Active,4,4,4,12,Champions
14423,218,3,916.61,Churned,2,2,3,7,Others
14424,17,1,322.08,Active,4,1,1,6,"New Customers"
14425,434,3,661.39,Churned,1,2,2,5,Lost
14426,23,17,11727.94,Active,4,4,4,12,Champions
14427,50,4,1263.52,Active,3,3,3,9,"Loyal Customers"
14428,7,5,1244.83,Active,4,3,3,10,"Loyal Customers"
14429,403,1,516.28,Churned,1,1,2,4,Lost
14430,511,3,1220.90,Churned,1,2,3,6,Others
14431,302,4,2614.20,Churned,2,3,4,9,"At Risk"
14432,9,6,2255.51,Active,4,3,3,10,"Loyal Customers"
14433,465,1,289.60,Churned,1,1,1,3,Lost
14434,21,6,1372.80,Active,4,3,3,10,"Loyal Customers"
14435,501,1,90.42,Churned,1,1,1,3,Lost
14436,98,2,271.70,Churned,2,2,1,5,Lost
14437,365,5,958.84,Churned,2,3,3,8,"At Risk"
14438,306,1,131.90,Churned,2,1,1,4,Lost
14439,319,5,9443.04,Churned,2,3,4,9,"At Risk"
14440,8,13,6638.73,Active,4,4,4,12,Champions
14441,0,11,4611.69,Active,4,4,4,12,Champions
14442,204,7,5367.02,Churned,2,4,4,10,"At Risk"
14443,53,5,2386.47,Active,3,3,4,10,"Loyal Customers"
14444,456,1,132.04,Churned,1,1,1,3,Lost
14445,455,1,221.65,Churned,1,1,1,3,Lost
14446,0,5,1241.31,Active,4,3,3,10,"Loyal Customers"
14447,18,6,1711.73,Active,4,3,3,10,"Loyal Customers"
14448,9,2,375.35,Active,4,2,2,8,"New Customers"
14449,18,8,2482.80,Active,4,4,4,12,Champions
14450,180,7,1128.44,Churned,2,4,3,9,"At Risk"
14451,60,12,3308.77,Active,3,4,4,11,"Loyal Customers"
14452,10,4,665.59,Active,4,3,2,9,"Loyal Customers"
14453,190,1,119.93,Churned,2,1,1,4,Lost
14454,376,5,977.30,Churned,2,3,3,8,"At Risk"
14455,432,4,628.21,Churned,1,3,2,6,"At Risk"
14456,5,9,3062.40,Active,4,4,4,12,Champions
14457,310,1,113.64,Churned,2,1,1,4,Lost
14458,380,1,237.42,Churned,1,1,1,3,Lost
14459,155,2,5375.74,Churned,2,2,4,8,Others
14460,110,9,1093.50,Churned,2,4,3,9,"At Risk"
14461,148,13,6713.50,Churned,2,4,4,10,"At Risk"
14462,66,12,2270.01,Active,3,4,3,10,"Loyal Customers"
14463,98,4,786.57,Churned,2,3,2,7,"At Risk"
14464,568,2,111.00,Churned,1,2,1,4,Lost
14465,246,11,3946.03,Churned,2,4,4,10,"At Risk"
14466,29,13,4646.90,Active,3,4,4,11,"Loyal Customers"
14467,17,12,2220.99,Active,4,4,3,11,"Loyal Customers"
14468,733,1,204.24,Churned,1,1,1,3,Lost
14469,416,4,2112.21,Churned,1,3,3,7,"At Risk"
14470,11,3,712.04,Active,4,2,2,8,"New Customers"
14471,591,2,400.95,Churned,1,2,2,5,Lost
14472,103,9,2228.22,Churned,2,4,3,9,"At Risk"
14473,74,2,234.34,Active,3,2,1,6,Others
14474,46,2,1278.08,Active,3,2,3,8,Others
14475,71,4,1151.15,Active,3,3,3,9,"Loyal Customers"
14476,257,1,215.70,Churned,2,1,1,4,Lost
14477,19,7,1969.60,Active,4,4,3,11,"Loyal Customers"
14478,382,4,1276.66,Churned,1,3,3,7,"At Risk"
14479,253,4,1299.11,Churned,2,3,3,8,"At Risk"
14480,11,4,1299.52,Active,4,3,3,10,"Loyal Customers"
14481,164,5,2311.49,Churned,2,3,4,9,"At Risk"
14482,18,12,4357.91,Active,4,4,4,12,Champions
14483,281,2,257.10,Churned,2,2,1,5,Lost
14484,50,4,1070.98,Active,3,3,3,9,"Loyal Customers"
14485,38,1,165.75,Active,3,1,1,5,Others
14486,511,2,175.50,Churned,1,2,1,4,Lost
14487,26,7,1453.61,Active,3,4,3,10,"Loyal Customers"
14488,67,1,1064.28,Active,3,1,3,7,Others
14489,207,4,1574.93,Churned,2,3,3,8,"At Risk"
14490,406,2,1273.47,Churned,1,2,3,6,Others
14491,175,2,468.13,Churned,2,2,2,6,Lost
14492,430,7,1921.91,Churned,1,4,3,8,"At Risk"
14493,7,10,5130.15,Active,4,4,4,12,Champions
14494,25,3,401.46,Active,4,2,2,8,"New Customers"
14495,50,3,174.80,Active,3,2,1,6,Others
14496,311,7,2668.23,Churned,2,4,4,10,"At Risk"
14497,309,2,697.06,Churned,2,2,2,6,Lost
14498,42,10,3911.27,Active,3,4,4,11,"Loyal Customers"
14499,26,7,2138.97,Active,3,4,3,10,"Loyal Customers"
14500,88,3,356.85,Active,3,2,2,7,Others
14501,183,2,251.21,Churned,2,2,1,5,Lost
14502,19,11,2470.67,Active,4,4,4,12,Champions
14503,3,6,3543.26,Active,4,3,4,11,"Loyal Customers"
14504,47,4,673.26,Active,3,3,2,8,"Loyal Customers"
14505,17,19,12001.84,Active,4,4,4,12,Champions
14506,17,7,3290.67,Active,4,4,4,12,Champions
14507,23,11,3284.43,Active,4,4,4,12,Champions
14508,22,5,874.94,Active,4,3,2,9,"Loyal Customers"
14509,534,1,110.95,Churned,1,1,1,3,Lost
14510,375,3,1007.28,Churned,2,2,3,7,Others
14511,11,5,1314.81,Active,4,3,3,10,"Loyal Customers"
14512,187,7,1223.47,Churned,2,4,3,9,"At Risk"
14513,100,6,788.01,Churned,2,3,2,7,"At Risk"
14514,61,9,4598.98,Active,3,4,4,11,"Loyal Customers"
14515,17,12,3749.26,Active,4,4,4,12,Champions
14516,516,1,163.92,Churned,1,1,1,3,Lost
14517,33,2,330.45,Active,3,2,1,6,Others
14518,64,1,174.37,Active,3,1,1,5,Others
14519,683,2,206.09,Churned,1,2,1,4,Lost
14520,1,2,270.60,Active,4,2,1,7,"New Customers"
14521,491,1,199.45,Churned,1,1,1,3,Lost
14522,24,8,1758.62,Active,4,4,3,11,"Loyal Customers"
14523,108,1,241.09,Churned,2,1,1,4,Lost
14524,31,13,2933.71,Active,3,4,4,11,"Loyal Customers"
14525,19,17,8240.64,Active,4,4,4,12,Champions
14526,389,1,262.40,Churned,1,1,1,3,Lost
14527,2,122,27792.30,Active,4,4,4,12,Champions
14528,37,1,364.22,Active,3,1,2,6,Others
14529,60,3,620.04,Active,3,2,2,7,Others
14530,25,16,6197.40,Active,4,4,4,12,Champions
14531,479,1,376.34,Churned,1,1,2,4,Lost
14532,236,11,3859.18,Churned,2,4,4,10,"At Risk"
14533,24,11,3466.37,Active,4,4,4,12,Champions
14534,2,26,6271.11,Active,4,4,4,12,Champions
14535,60,9,6030.73,Active,3,4,4,11,"Loyal Customers"
14536,259,1,171.80,Churned,2,1,1,4,Lost
14537,57,2,641.40,Active,3,2,2,7,Others
14538,64,5,1370.84,Active,3,3,3,9,"Loyal Customers"
14539,15,2,537.48,Active,4,2,2,8,"New Customers"
14540,9,11,3795.34,Active,4,4,4,12,Champions
14541,58,14,2499.68,Active,3,4,4,11,"Loyal Customers"
14542,185,1,103.25,Churned,2,1,1,4,Lost
14543,28,39,14906.77,Active,3,4,4,11,"Loyal Customers"
14544,24,3,2982.43,Active,4,2,4,10,"New Customers"
14545,674,1,349.25,Churned,1,1,2,4,Lost
14546,5,11,5197.90,Active,4,4,4,12,Champions
14547,3,8,4007.54,Active,4,4,4,12,Champions
14548,150,9,2627.49,Churned,2,4,4,10,"At Risk"
14549,311,4,916.55,Churned,2,3,3,8,"At Risk"
14550,10,4,1353.31,Active,4,3,3,10,"Loyal Customers"
14551,18,7,880.04,Active,4,4,2,10,"Loyal Customers"
14552,151,3,511.28,Churned,2,2,2,6,Lost
14553,19,9,1841.54,Active,4,4,3,11,"Loyal Customers"
14554,10,4,2381.04,Active,4,3,4,11,"Loyal Customers"
14555,57,6,2315.63,Active,3,3,4,10,"Loyal Customers"
14556,596,3,835.34,Churned,1,2,2,5,Lost
14557,85,1,788.38,Active,3,1,2,6,Others
14558,654,3,655.50,Churned,1,2,2,5,Lost
14559,390,1,75.60,Churned,1,1,1,3,Lost
14560,7,44,6114.03,Active,4,4,4,12,Champions
14561,75,3,1080.76,Active,3,2,3,8,Others
14562,3,26,6729.40,Active,4,4,4,12,Champions
14563,509,2,679.44,Churned,1,2,2,5,Lost
14564,434,2,2605.62,Churned,1,2,4,7,Others
14565,95,5,3859.22,Churned,3,3,4,10,"Loyal Customers"
14566,110,4,4092.00,Churned,2,3,4,9,"At Risk"
14567,56,2,1530.36,Active,3,2,3,8,Others
14568,435,1,919.70,Churned,1,1,3,5,Others
14569,1,4,598.98,Active,4,3,2,9,"Loyal Customers"
14570,280,3,613.75,Churned,2,2,2,6,Lost
14571,425,1,161.65,Churned,1,1,1,3,Lost
14572,3,11,5615.18,Active,4,4,4,12,Champions
14573,179,13,2621.42,Churned,2,4,4,10,"At Risk"
14574,732,1,143.70,Churned,1,1,1,3,Lost
14575,488,1,460.71,Churned,1,1,2,4,Lost
14576,372,1,70.80,Churned,2,1,1,4,Lost
14577,12,7,1374.25,Active,4,4,3,11,"Loyal Customers"
14578,3,1,168.63,Active,4,1,1,6,"New Customers"
14579,432,1,105.56,Churned,1,1,1,3,Lost
14580,518,1,14.85,Churned,1,1,1,3,Lost
14581,16,2,433.80,Active,4,2,2,8,"New Customers"
14582,40,1,114.11,Active,3,1,1,5,Others
14583,5,8,1781.03,Active,4,4,3,11,"Loyal Customers"
14584,169,8,1747.91,Churned,2,4,3,9,"At Risk"
14585,50,5,1143.27,Active,3,3,3,9,"Loyal Customers"
14586,276,1,237.36,Churned,2,1,1,4,Lost
14587,18,9,1601.14,Active,4,4,3,11,"Loyal Customers"
14588,578,1,135.39,Churned,1,1,1,3,Lost
14589,371,1,79.50,Churned,2,1,1,4,Lost
14590,424,20,3006.62,Churned,1,4,4,9,"At Risk"
14591,15,4,1447.14,Active,4,3,3,10,"Loyal Customers"
14592,35,3,570.46,Active,3,2,2,7,Others
14593,21,12,3712.01,Active,4,4,4,12,Champions
14594,7,2,634.83,Active,4,2,2,8,"New Customers"
14595,19,8,2164.45,Active,4,4,3,11,"Loyal Customers"
14596,626,1,229.47,Churned,1,1,1,3,Lost
14597,11,6,2201.54,Active,4,3,3,10,"Loyal Customers"
14598,44,2,384.04,Active,3,2,2,7,Others
14599,390,2,474.54,Churned,1,2,2,5,Lost
14600,305,2,865.17,Churned,2,2,2,6,Lost
14601,10,1,213.96,Active,4,1,1,6,"New Customers"
14602,656,1,205.36,Churned,1,1,1,3,Lost
14603,274,1,660.00,Churned,2,1,2,5,Lost
14604,633,1,143.86,Churned,1,1,1,3,Lost
14605,374,4,937.16,Churned,2,3,3,8,"At Risk"
14606,1,192,30861.06,Active,4,4,4,12,Champions
14607,15,22,24137.63,Active,4,4,4,12,Champions
14608,4,11,3352.94,Active,4,4,4,12,Champions
14609,72,10,1486.20,Active,3,4,3,10,"Loyal Customers"
14610,395,2,24.35,Churned,1,2,1,4,Lost
14611,443,2,604.33,Churned,1,2,2,5,Lost
14612,415,1,877.70,Churned,1,1,2,4,Lost
14613,680,1,76.32,Churned,1,1,1,3,Lost
14614,386,1,295.13,Churned,1,1,1,3,Lost
14615,394,5,951.76,Churned,1,3,3,7,"At Risk"
14616,242,5,527.78,Churned,2,3,2,7,"At Risk"
14617,402,2,190.47,Churned,1,2,1,4,Lost
14618,9,7,1342.32,Active,4,4,3,11,"Loyal Customers"
14619,245,2,1291.24,Churned,2,2,3,7,Others
14620,205,2,412.78,Churned,2,2,2,6,Lost
14621,1,9,3000.57,Active,4,4,4,12,Champions
14622,184,1,320.58,Churned,2,1,1,4,Lost
14623,32,10,2059.58,Active,3,4,3,10,"Loyal Customers"
14624,57,6,814.07,Active,3,3,2,8,"Loyal Customers"
14625,196,11,4497.88,Churned,2,4,4,10,"At Risk"
14626,23,11,5410.92,Active,4,4,4,12,Champions
14627,379,1,462.75,Churned,2,1,2,5,Lost
14628,91,5,1998.00,Churned,3,3,3,9,"Loyal Customers"
14629,4,2,959.01,Active,4,2,3,9,"New Customers"
14630,484,1,338.65,Churned,1,1,1,3,Lost
14631,50,6,2025.69,Active,3,3,3,9,"Loyal Customers"
14632,262,1,114.56,Churned,2,1,1,4,Lost
14633,266,1,344.90,Churned,2,1,1,4,Lost
14634,437,4,2124.46,Churned,1,3,3,7,"At Risk"
14635,453,1,215.22,Churned,1,1,1,3,Lost
14636,36,2,609.85,Active,3,2,2,7,Others
14637,677,1,106.68,Churned,1,1,1,3,Lost
14638,50,1,443.60,Active,3,1,2,6,Others
14639,52,9,4978.96,Active,3,4,4,11,"Loyal Customers"
14640,24,10,3667.06,Active,4,4,4,12,Champions
14641,21,1,110.46,Active,4,1,1,6,"New Customers"
14642,58,1,96.12,Active,3,1,1,5,Others
14643,170,5,1679.89,Churned,2,3,3,8,"At Risk"
14644,67,7,2247.72,Active,3,4,3,10,"Loyal Customers"
14645,156,3,876.89,Churned,2,2,2,6,Lost
14646,1,151,528602.52,Active,4,4,4,12,Champions
14647,201,2,519.97,Churned,2,2,2,6,Lost
14648,416,15,4546.86,Churned,1,4,4,9,"At Risk"
14649,4,9,3775.31,Active,4,4,4,12,Champions
14650,589,1,62.50,Churned,1,1,1,3,Lost
14651,67,9,2034.12,Active,3,4,3,10,"Loyal Customers"
14652,77,1,114.18,Active,3,1,1,5,Others
14653,1,12,3614.54,Active,4,4,4,12,Champions
14654,738,1,246.86,Churned,1,1,1,3,Lost
14655,8,7,3878.51,Active,4,4,4,12,Champions
14656,169,5,814.65,Churned,2,3,2,7,"At Risk"
14657,17,6,1460.87,Active,4,3,3,10,"Loyal Customers"
14658,5,2,247.15,Active,4,2,1,7,"New Customers"
14659,8,9,2529.93,Active,4,4,4,12,Champions
14660,86,2,285.74,Active,3,2,1,6,Others
14661,26,1,107.95,Active,3,1,1,5,Others
14662,28,7,1416.33,Active,3,4,3,10,"Loyal Customers"
14663,430,2,490.60,Churned,1,2,2,5,Lost
14664,19,2,637.89,Active,4,2,2,8,"New Customers"
14665,60,7,2749.65,Active,3,4,4,11,"Loyal Customers"
14666,24,1,195.25,Active,4,1,1,6,"New Customers"
14667,10,54,21927.14,Active,4,4,4,12,Champions
14668,445,1,111.63,Churned,1,1,1,3,Lost
14669,241,7,3243.93,Churned,2,4,4,10,"At Risk"
14670,280,3,602.00,Churned,2,2,2,6,Lost
14671,549,2,1127.45,Churned,1,2,3,6,Others
14672,234,4,1113.14,Churned,2,3,3,8,"At Risk"
14673,3,7,3410.81,Active,4,4,4,12,Champions
14674,509,1,173.66,Churned,1,1,1,3,Lost
14675,16,2,1066.90,Active,4,2,3,9,"New Customers"
14676,31,12,8356.79,Active,3,4,4,11,"Loyal Customers"
14677,592,1,184.91,Churned,1,1,1,3,Lost
14678,579,1,403.39,Churned,1,1,2,4,Lost
14679,381,3,1289.44,Churned,1,2,3,6,Others
14680,25,58,57412.77,Active,4,4,4,12,Champions
14681,71,6,875.15,Active,3,3,2,8,"Loyal Customers"
14682,187,6,1514.81,Churned,2,3,3,8,"At Risk"
14683,588,1,146.56,Churned,1,1,1,3,Lost
14684,25,6,1468.55,Active,4,3,3,10,"Loyal Customers"
14685,576,8,4619.79,Churned,1,4,4,9,"At Risk"
14686,414,5,885.83,Churned,1,3,2,6,"At Risk"
14687,106,3,1402.06,Churned,2,2,3,7,Others
14688,7,28,7713.57,Active,4,4,4,12,Champions
14689,208,1,112.80,Churned,2,1,1,4,Lost
14690,44,4,794.33,Active,3,3,2,8,"Loyal Customers"
14691,30,5,2114.33,Active,3,3,3,9,"Loyal Customers"
14692,137,12,1745.09,Churned,2,4,3,9,"At Risk"
14693,264,7,1165.36,Churned,2,4,3,9,"At Risk"
14694,617,1,244.31,Churned,1,1,1,3,Lost
14695,519,3,1620.07,Churned,1,2,3,6,Others
14696,4,8,2767.90,Active,4,4,4,12,Champions
14697,218,2,188.61,Churned,2,2,1,5,Lost
14698,1,5,1250.76,Active,4,3,3,10,"Loyal Customers"
14699,214,4,702.60,Churned,2,3,2,7,"At Risk"
14700,32,5,3116.26,Active,3,3,4,10,"Loyal Customers"
14701,10,15,4562.09,Active,4,4,4,12,Champions
14702,1,29,6754.22,Active,4,4,4,12,Champions
14703,14,1,318.17,Active,4,1,1,6,"New Customers"
14704,11,11,1813.57,Active,4,4,3,11,"Loyal Customers"
14705,198,1,179.00,Churned,2,1,1,4,Lost
14706,618,1,390.69,Churned,1,1,2,4,Lost
14707,435,2,139.20,Churned,1,2,1,4,Lost
14708,2,5,2212.28,Active,4,3,3,10,"Loyal Customers"
14709,15,25,8886.33,Active,4,4,4,12,Champions
14710,14,13,1922.59,Active,4,4,3,11,"Loyal Customers"
14711,10,11,2868.80,Active,4,4,4,12,Champions
14712,29,4,1328.07,Active,3,3,3,9,"Loyal Customers"
14713,9,21,5418.87,Active,4,4,4,12,Champions
14714,24,4,906.24,Active,4,3,3,10,"Loyal Customers"
14715,24,8,1840.45,Active,4,4,3,11,"Loyal Customers"
14716,43,3,565.45,Active,3,2,2,7,Others
14717,733,1,81.30,Churned,1,1,1,3,Lost
14718,410,1,226.42,Churned,1,1,1,3,Lost
14719,1,5,1602.13,Active,4,3,3,10,"Loyal Customers"
14720,5,3,663.81,Active,4,2,2,8,"New Customers"
14721,379,1,115.77,Churned,2,1,1,4,Lost
14722,147,3,513.37,Churned,2,2,2,6,Lost
14723,10,11,2093.06,Active,4,4,3,11,"Loyal Customers"
14724,590,1,345.25,Churned,1,1,1,3,Lost
14725,24,4,1315.24,Active,4,3,3,10,"Loyal Customers"
14726,654,1,124.75,Churned,1,1,1,3,Lost
14727,274,3,467.93,Churned,2,2,2,6,Lost
14728,413,1,190.58,Churned,1,1,1,3,Lost
14729,373,3,907.38,Churned,2,2,3,7,Others
14730,1,8,2005.06,Active,4,4,3,11,"Loyal Customers"
14731,47,3,380.02,Active,3,2,2,7,Others
14732,8,19,5517.07,Active,4,4,4,12,Champions
14733,16,15,16184.97,Active,4,4,4,12,Champions
14734,425,4,1056.42,Churned,1,3,3,7,"At Risk"
14735,3,56,12240.16,Active,4,4,4,12,Champions
14736,485,2,401.08,Churned,1,2,2,5,Lost
14737,3,4,3554.17,Active,4,3,4,11,"Loyal Customers"
14738,42,9,1821.90,Active,3,4,3,10,"Loyal Customers"
14739,4,25,12287.50,Active,4,4,4,12,Champions
14740,197,11,4161.06,Churned,2,4,4,10,"At Risk"
14741,11,7,1897.59,Active,4,4,3,11,"Loyal Customers"
14742,435,1,579.85,Churned,1,1,2,4,Lost
14743,592,1,50.48,Churned,1,1,1,3,Lost
14744,16,14,3885.08,Active,4,4,4,12,Champions
14745,112,12,2571.81,Churned,2,4,4,10,"At Risk"
14746,406,4,593.50,Churned,1,3,2,6,"At Risk"
14747,249,1,328.20,Churned,2,1,1,4,Lost
14748,29,10,3152.32,Active,3,4,4,11,"Loyal Customers"
14749,479,1,310.15,Churned,1,1,1,3,Lost
14750,736,1,112.03,Churned,1,1,1,3,Lost
14751,684,2,126.45,Churned,1,2,1,4,Lost
14752,43,1,389.64,Active,3,1,2,6,Others
14753,87,2,869.51,Active,3,2,2,7,Others
14754,44,6,1550.48,Active,3,3,3,9,"Loyal Customers"
14755,9,25,9972.55,Active,4,4,4,12,Champions
14756,15,3,2653.76,Active,4,2,4,10,"New Customers"
14757,75,1,420.50,Active,3,1,2,6,Others
14758,144,7,2864.97,Churned,2,4,4,10,"At Risk"
14759,4,3,1625.97,Active,4,2,3,9,"New Customers"
14760,297,1,89.20,Churned,2,1,1,4,Lost
14761,58,3,447.92,Active,3,2,2,7,Others
14762,263,2,417.57,Churned,2,2,2,6,Lost
14764,46,1,278.30,Active,3,1,1,5,Others
14765,29,3,254.11,Active,3,2,1,6,Others
14766,8,11,6556.13,Active,4,4,4,12,Champions
14767,474,1,382.81,Churned,1,1,2,4,Lost
14768,17,2,192.60,Active,4,2,1,7,"New Customers"
14769,2,17,15771.88,Active,4,4,4,12,Champions
14770,232,8,3637.64,Churned,2,4,4,10,"At Risk"
14771,621,2,594.62,Churned,1,2,2,5,Lost
14772,112,1,139.26,Churned,2,1,1,4,Lost
14773,592,1,140.55,Churned,1,1,1,3,Lost
14774,528,1,241.45,Churned,1,1,1,3,Lost
14775,58,3,1418.46,Active,3,2,3,8,Others
14776,51,15,3708.30,Active,3,4,4,11,"Loyal Customers"
14777,403,1,307.56,Churned,1,1,1,3,Lost
14778,127,2,730.86,Churned,2,2,2,6,Lost
14779,280,3,386.15,Churned,2,2,2,6,Lost
14780,54,2,447.68,Active,3,2,2,7,Others
14782,319,1,200.10,Churned,2,1,1,4,Lost
14783,659,1,307.30,Churned,1,1,1,3,Lost
14784,26,3,449.93,Active,3,2,2,7,Others
14785,10,2,77.40,Active,4,2,1,7,"New Customers"
14786,550,1,90.96,Churned,1,1,1,3,Lost
14787,471,1,110.65,Churned,1,1,1,3,Lost
14788,7,3,1156.32,Active,4,2,3,9,"New Customers"
14789,28,1,197.64,Active,3,1,1,5,Others
14790,16,10,2526.62,Active,4,4,4,12,Champions
14791,606,1,303.63,Churned,1,1,1,3,Lost
14792,63,1,6.20,Active,3,1,1,5,Others
14793,21,2,625.90,Active,4,2,2,8,"New Customers"
14794,2,10,1953.90,Active,4,4,3,11,"Loyal Customers"
14795,166,1,131.45,Churned,2,1,1,4,Lost
14796,1,27,10889.64,Active,4,4,4,12,Champions
14797,507,1,300.31,Churned,1,1,1,3,Lost
14798,52,8,724.31,Active,3,4,2,9,"Loyal Customers"
14799,51,2,338.15,Active,3,2,1,6,Others
14800,47,17,7774.32,Active,3,4,4,11,"Loyal Customers"
14801,61,1,193.14,Active,3,1,1,5,Others
14802,438,2,1502.98,Churned,1,2,3,6,Others
14803,162,3,845.55,Churned,2,2,2,6,Lost
14804,8,1,353.27,Active,4,1,2,7,"New Customers"
14805,15,7,1104.64,Active,4,4,3,11,"Loyal Customers"
14806,75,2,303.43,Active,3,2,1,6,Others
14807,390,2,519.29,Churned,1,2,2,5,Lost
14808,39,8,2741.17,Active,3,4,4,11,"Loyal Customers"
14809,621,2,686.76,Churned,1,2,2,5,Lost
14810,40,13,2537.02,Active,3,4,4,11,"Loyal Customers"
14811,387,1,170.50,Churned,1,1,1,3,Lost
14812,598,1,185.80,Churned,1,1,1,3,Lost
14813,369,4,1090.87,Churned,2,3,3,8,"At Risk"
14814,581,1,160.46,Churned,1,1,1,3,Lost
14815,36,2,778.50,Active,3,2,2,7,Others
14816,197,1,271.85,Churned,2,1,1,4,Lost
14817,200,7,3959.86,Churned,2,4,4,10,"At Risk"
14818,73,6,1170.41,Active,3,3,3,9,"Loyal Customers"
14819,64,4,470.16,Active,3,3,2,8,"Loyal Customers"
14820,21,9,1274.76,Active,4,4,3,11,"Loyal Customers"
14821,366,7,1286.45,Churned,2,4,3,9,"At Risk"
14822,485,1,157.70,Churned,1,1,1,3,Lost
14823,180,3,321.43,Churned,2,2,1,5,Lost
14824,10,10,4022.91,Active,4,4,4,12,Champions
14825,3,24,4925.08,Active,4,4,4,12,Champions
14826,581,2,385.20,Churned,1,2,2,5,Lost
14828,196,13,9839.46,Churned,2,4,4,10,"At Risk"
14829,29,7,1692.84,Active,3,4,3,10,"Loyal Customers"
14830,53,1,197.13,Active,3,1,1,5,Others
14831,680,3,1676.57,Churned,1,2,3,6,Others
14832,630,1,322.69,Churned,1,1,1,3,Lost
14833,498,1,94.80,Churned,1,1,1,3,Lost
14834,17,7,2206.16,Active,4,4,3,11,"Loyal Customers"
14835,528,2,297.00,Churned,1,2,1,4,Lost
14836,10,3,102.45,Active,4,2,1,7,"New Customers"
14837,89,9,3460.32,Active,3,4,4,11,"Loyal Customers"
14838,423,2,773.67,Churned,1,2,2,5,Lost
14839,418,3,915.28,Churned,1,2,3,6,Others
14840,267,2,362.71,Churned,2,2,2,6,Lost
14841,53,14,7163.00,Active,3,4,4,11,"Loyal Customers"
14842,43,4,2824.69,Active,3,3,4,10,"Loyal Customers"
14843,436,1,211.80,Churned,1,1,1,3,Lost
14844,63,10,6702.43,Active,3,4,4,11,"Loyal Customers"
14845,599,1,150.00,Churned,1,1,1,3,Lost
14846,427,1,437.40,Churned,1,1,2,4,Lost
14847,148,3,1348.95,Churned,2,2,3,7,Others
14848,404,1,310.56,Churned,1,1,1,3,Lost
14849,21,43,15763.45,Active,4,4,4,12,Champions
14850,311,7,1794.01,Churned,2,4,3,9,"At Risk"
14851,23,3,829.41,Active,4,2,2,8,"New Customers"
14852,58,18,6147.18,Active,3,4,4,11,"Loyal Customers"
14853,24,5,1376.87,Active,4,3,3,10,"Loyal Customers"
14854,78,11,4322.86,Active,3,4,4,11,"Loyal Customers"
14855,119,7,6520.30,Churned,2,4,4,10,"At Risk"
14856,36,3,1311.38,Active,3,2,3,8,Others
14857,59,7,3651.85,Active,3,4,4,11,"Loyal Customers"
14858,505,1,180.75,Churned,1,1,1,3,Lost
14859,12,5,1705.64,Active,4,3,3,10,"Loyal Customers"
14860,19,1,170.32,Active,4,1,1,6,"New Customers"
14861,52,10,1380.73,Active,3,4,3,10,"Loyal Customers"
14862,25,2,841.20,Active,4,2,2,8,"New Customers"
14863,29,1,266.76,Active,3,1,1,5,Others
14865,7,4,129.72,Active,4,3,1,8,"Loyal Customers"
14866,10,19,20850.22,Active,4,4,4,12,Champions
14867,185,16,2952.06,Churned,2,4,4,10,"At Risk"
14868,3,12,4184.01,Active,4,4,4,12,Champions
14869,8,6,2804.24,Active,4,3,4,11,"Loyal Customers"
14870,261,6,1838.95,Churned,2,3,3,8,"At Risk"
14871,3,9,1258.97,Active,4,4,3,11,"Loyal Customers"
14872,483,3,816.60,Churned,1,2,2,5,Lost
14873,210,2,854.13,Churned,2,2,2,6,Lost
14874,535,1,116.18,Churned,1,1,1,3,Lost
14875,107,3,2862.40,Churned,2,2,4,8,Others
14876,521,2,256.70,Churned,1,2,1,4,Lost
14877,418,2,437.00,Churned,1,2,2,5,Lost
14878,12,25,4105.24,Active,4,4,4,12,Champions
14879,684,1,185.06,Churned,1,1,1,3,Lost
14880,77,3,706.19,Active,3,2,2,7,Others
14881,19,1,255.40,Active,4,1,1,6,"New Customers"
14882,26,14,3628.15,Active,3,4,4,11,"Loyal Customers"
14883,18,6,761.59,Active,4,3,2,9,"Loyal Customers"
14884,669,1,120.60,Churned,1,1,1,3,Lost
14885,131,3,1598.12,Churned,2,2,3,7,Others
14886,252,1,364.80,Churned,2,1,2,5,Lost
14887,79,1,1862.00,Active,3,1,3,7,Others
14888,207,1,369.20,Churned,2,1,2,5,Lost
14889,336,1,135.90,Churned,2,1,1,4,Lost
14890,253,3,817.25,Churned,2,2,2,6,Lost
14891,148,4,1106.73,Churned,2,3,3,8,"At Risk"
14892,690,1,202.35,Churned,1,1,1,3,Lost
14893,9,3,1809.61,Active,4,2,3,9,"New Customers"
14894,85,3,1492.81,Active,3,2,3,8,Others
14895,7,38,25119.54,Active,4,4,4,12,Champions
14896,204,8,2092.42,Churned,2,4,3,9,"At Risk"
14897,7,8,3140.54,Active,4,4,4,12,Champions
14898,23,14,3507.81,Active,4,4,4,12,Champions
14899,395,1,1384.88,Churned,1,1,3,5,Others
14900,522,1,13.92,Churned,1,1,1,3,Lost
14901,11,12,2289.65,Active,4,4,3,11,"Loyal Customers"
14902,25,3,1035.62,Active,4,2,3,9,"New Customers"
14903,21,5,2810.63,Active,4,3,4,11,"Loyal Customers"
14904,2,4,1640.64,Active,4,3,3,10,"Loyal Customers"
14905,157,8,1971.39,Churned,2,4,3,9,"At Risk"
14906,445,1,68.44,Churned,1,1,1,3,Lost
14907,3,16,6165.79,Active,4,4,4,12,Champions
14908,74,2,381.90,Active,3,2,2,7,Others
14909,437,3,1404.68,Churned,1,2,3,6,Others
14910,2,4,434.35,Active,4,3,2,9,"Loyal Customers"
14911,1,398,295972.63,Active,4,4,4,12,Champions
14912,16,6,1889.25,Active,4,3,3,10,"Loyal Customers"
14913,35,8,4073.13,Active,3,4,4,11,"Loyal Customers"
14915,91,11,1811.25,Churned,3,4,3,10,"Loyal Customers"
14916,70,8,3042.95,Active,3,4,4,11,"Loyal Customers"
14917,596,2,1123.75,Churned,1,2,3,6,Others
14918,115,9,5955.81,Churned,2,4,4,10,"At Risk"
14919,539,1,359.35,Churned,1,1,2,4,Lost
14920,212,3,1607.17,Churned,2,2,3,7,Others
14921,30,2,1316.07,Active,3,2,3,8,Others
14922,393,2,843.74,Churned,1,2,2,5,Lost
14923,50,1,749.10,Active,3,1,2,6,Others
14924,245,3,931.01,Churned,2,2,3,7,Others
14926,381,2,359.40,Churned,1,2,2,5,Lost
14927,396,1,308.20,Churned,1,1,1,3,Lost
14928,627,1,223.91,Churned,1,1,1,3,Lost
14929,32,2,836.69,Active,3,2,2,7,Others
14930,108,6,5246.63,Churned,2,3,4,9,"At Risk"
14931,4,5,1257.68,Active,4,3,3,10,"Loyal Customers"
14932,365,2,1029.66,Churned,2,2,3,7,Others
14933,443,4,1770.00,Churned,1,3,3,7,"At Risk"
14934,81,5,3503.50,Active,3,3,4,10,"Loyal Customers"
14935,297,2,2849.83,Churned,2,2,4,8,Others
14936,33,12,12410.81,Active,3,4,4,11,"Loyal Customers"
14937,56,3,1621.88,Active,3,2,3,8,Others
14938,562,2,2322.43,Churned,1,2,4,7,Others
14940,417,2,531.49,Churned,1,2,2,5,Lost
14941,578,1,182.10,Churned,1,1,1,3,Lost
14942,401,4,746.56,Churned,1,3,2,6,"At Risk"
14943,663,1,107.62,Churned,1,1,1,3,Lost
14944,29,19,9784.67,Active,3,4,4,11,"Loyal Customers"
14945,413,1,179.40,Churned,1,1,1,3,Lost
14946,14,1,100.90,Active,4,1,1,6,"New Customers"
14947,72,6,1049.79,Active,3,3,3,9,"Loyal Customers"
14948,23,6,1101.97,Active,4,3,3,10,"Loyal Customers"
14949,469,4,515.00,Churned,1,3,2,6,"At Risk"
14950,19,1,371.20,Active,4,1,2,7,"New Customers"
14951,79,1,311.69,Active,3,1,1,5,Others
14952,59,32,17629.35,Active,3,4,4,11,"Loyal Customers"
14953,25,4,1013.77,Active,4,3,3,10,"Loyal Customers"
14954,12,2,503.44,Active,4,2,2,8,"New Customers"
14955,732,1,163.77,Churned,1,1,1,3,Lost
14956,421,1,1325.00,Churned,1,1,3,5,Others
14957,253,2,333.29,Churned,2,2,1,5,Lost
14958,147,6,957.94,Churned,2,3,3,8,"At Risk"
14959,64,4,695.42,Active,3,3,2,8,"Loyal Customers"
14960,8,2,221.27,Active,4,2,1,7,"New Customers"
14961,10,22,16410.15,Active,4,4,4,12,Champions
14962,270,4,366.91,Churned,2,3,2,7,"At Risk"
14963,9,12,3164.48,Active,4,4,4,12,Champions
14964,247,1,206.21,Churned,2,1,1,4,Lost
14965,96,2,599.00,Churned,2,2,2,6,Lost
14966,14,6,1115.84,Active,4,3,3,10,"Loyal Customers"
14967,49,6,1982.61,Active,3,3,3,9,"Loyal Customers"
14968,30,2,504.99,Active,3,2,2,7,Others
14969,703,1,906.23,Churned,1,1,3,5,Others
14970,68,12,4919.35,Active,3,4,4,11,"Loyal Customers"
14971,35,3,1116.57,Active,3,2,3,8,Others
14972,128,2,145.07,Churned,2,2,1,5,Lost
14973,107,3,1314.45,Churned,2,2,3,7,Others
14974,37,1,114.39,Active,3,1,1,5,Others
14975,57,2,472.39,Active,3,2,2,7,Others
14976,57,7,790.86,Active,3,4,2,9,"Loyal Customers"
14977,725,1,31.93,Churned,1,1,1,3,Lost
14978,72,10,3142.14,Active,3,4,4,11,"Loyal Customers"
14979,735,1,439.46,Churned,1,1,2,4,Lost
14980,737,1,150.68,Churned,1,1,1,3,Lost
14981,246,2,372.92,Churned,2,2,2,6,Lost
14982,572,1,237.78,Churned,1,1,1,3,Lost
14983,689,1,183.20,Churned,1,1,1,3,Lost
14984,19,6,1271.41,Active,4,3,3,10,"Loyal Customers"
14985,198,2,296.75,Churned,2,2,1,5,Lost
14986,376,2,566.90,Churned,2,2,2,6,Lost
14987,15,8,1713.85,Active,4,4,3,11,"Loyal Customers"
14988,211,7,2066.60,Churned,2,4,3,9,"At Risk"
14989,661,1,342.40,Churned,1,1,1,3,Lost
14990,612,2,305.42,Churned,1,2,1,4,Lost
14991,430,1,314.67,Churned,1,1,1,3,Lost
14992,442,1,210.50,Churned,1,1,1,3,Lost
14993,563,1,36.13,Churned,1,1,1,3,Lost
14994,382,5,960.63,Churned,1,3,3,7,"At Risk"
14995,38,2,233.23,Active,3,2,1,6,Others
14996,481,2,442.29,Churned,1,2,2,5,Lost
14997,46,4,776.60,Active,3,3,2,8,"Loyal Customers"
14998,170,4,770.73,Churned,2,3,2,7,"At Risk"
14999,592,1,129.48,Churned,1,1,1,3,Lost
15000,47,1,490.52,Active,3,1,2,6,Others
15001,394,2,230.86,Churned,1,2,1,4,Lost
15002,115,9,4817.28,Churned,2,4,4,10,"At Risk"
15003,473,6,1060.70,Churned,1,3,3,7,"At Risk"
15004,147,1,1246.32,Churned,2,1,3,6,Others
15005,15,56,14106.20,Active,4,4,4,12,Champions
15006,51,2,825.14,Active,3,2,2,7,Others
15007,159,1,156.91,Churned,2,1,1,4,Lost
15008,480,2,360.00,Churned,1,2,2,5,Lost
15009,12,3,1261.78,Active,4,2,3,9,"New Customers"
15010,35,1,308.94,Active,3,1,1,5,Others
15011,395,2,416.60,Churned,1,2,2,5,Lost
15012,53,3,860.62,Active,3,2,2,7,Others
15013,487,10,1641.30,Churned,1,4,3,8,"At Risk"
15014,43,2,260.17,Active,3,2,1,6,Others
15015,501,13,2365.02,Churned,1,4,4,9,"At Risk"
15016,172,5,630.30,Churned,2,3,2,7,"At Risk"
15017,33,1,125.58,Active,3,1,1,5,Others
15018,38,3,607.46,Active,3,2,2,7,Others
15019,266,1,266.00,Churned,2,1,1,4,Lost
15020,379,1,203.42,Churned,2,1,1,4,Lost
15021,8,12,2783.83,Active,4,4,4,12,Champions
15022,11,5,1186.09,Active,4,3,3,10,"Loyal Customers"
15023,3,20,12170.68,Active,4,4,4,12,Champions
15024,9,16,4075.51,Active,4,4,4,12,Champions
15025,33,2,1013.09,Active,3,2,3,8,Others
15026,80,5,1061.61,Active,3,3,3,9,"Loyal Customers"
15027,30,10,3195.60,Active,3,4,4,11,"Loyal Customers"
15028,8,6,1157.71,Active,4,3,3,10,"Loyal Customers"
15029,619,1,365.10,Churned,1,1,2,4,Lost
15030,71,8,1979.91,Active,3,4,3,10,"Loyal Customers"
15031,4,14,3156.58,Active,4,4,4,12,Champions
15032,256,8,13780.65,Churned,2,4,4,10,"At Risk"
15033,4,10,2586.67,Active,4,4,4,12,Champions
15034,15,14,8313.40,Active,4,4,4,12,Champions
15035,89,1,252.73,Active,3,1,1,5,Others
15036,72,3,465.55,Active,3,2,2,7,Others
15037,376,2,402.51,Churned,2,2,2,6,Lost
15038,58,9,1309.86,Active,3,4,3,10,"Loyal Customers"
15039,9,93,40031.43,Active,4,4,4,12,Champions
15040,541,1,7.49,Churned,1,1,1,3,Lost
15041,170,2,294.02,Churned,2,2,1,5,Lost
15042,199,2,315.45,Churned,2,2,1,5,Lost
15043,31,6,2873.80,Active,3,3,4,10,"Loyal Customers"
15044,19,35,16204.33,Active,4,4,4,12,Champions
15045,151,2,735.66,Churned,2,2,2,6,Lost
15046,9,25,7812.39,Active,4,4,4,12,Champions
15047,269,1,343.62,Churned,2,1,1,4,Lost
15048,65,4,482.75,Active,3,3,2,8,"Loyal Customers"
15049,273,1,121.17,Churned,2,1,1,4,Lost
15050,25,5,4193.79,Active,4,3,4,11,"Loyal Customers"
15051,23,9,3935.16,Active,4,4,4,12,Champions
15052,319,1,215.78,Churned,2,1,1,4,Lost
15053,4,3,697.79,Active,4,2,2,8,"New Customers"
15054,12,2,302.10,Active,4,2,1,7,"New Customers"
15055,474,3,560.07,Churned,1,2,2,5,Lost
15056,520,1,133.45,Churned,1,1,1,3,Lost
15057,275,5,3255.96,Churned,2,3,4,9,"At Risk"
15058,25,16,3410.03,Active,4,4,4,12,Champions
15059,40,19,3523.57,Active,3,4,4,11,"Loyal Customers"
15060,8,4,303.09,Active,4,3,1,8,"Loyal Customers"
15061,3,127,137818.52,Active,4,4,4,12,Champions
15062,71,8,2585.62,Active,3,4,4,11,"Loyal Customers"
15063,213,1,370.80,Churned,2,1,2,5,Lost
15064,410,4,1254.41,Churned,1,3,3,7,"At Risk"
15065,37,5,3326.86,Active,3,3,4,10,"Loyal Customers"
15066,53,1,893.59,Active,3,1,2,6,Others
15067,78,5,3877.88,Active,3,3,4,10,"Loyal Customers"
15068,46,4,1176.85,Active,3,3,3,9,"Loyal Customers"
15069,179,1,1109.53,Churned,2,1,3,6,Others
15070,372,3,843.25,Churned,2,2,2,6,Lost
15071,93,4,1455.56,Churned,3,3,3,9,"Loyal Customers"
15072,479,1,187.52,Churned,1,1,1,3,Lost
15073,9,8,2788.02,Active,4,4,4,12,Champions
15074,105,3,1566.33,Churned,2,2,3,7,Others
15075,77,1,773.03,Active,3,1,2,6,Others
15076,172,3,1447.74,Churned,2,2,3,7,Others
15077,494,2,2428.08,Churned,1,2,4,7,Others
15078,7,53,17761.88,Active,4,4,4,12,Champions
15079,212,11,3767.35,Churned,2,4,4,10,"At Risk"
15080,427,2,546.25,Churned,1,2,2,5,Lost
15081,22,12,1965.72,Active,4,4,3,11,"Loyal Customers"
15082,668,1,93.35,Churned,1,1,1,3,Lost
15083,256,1,88.20,Churned,2,1,1,4,Lost
15084,379,2,965.20,Churned,2,2,3,7,Others
15085,729,1,347.54,Churned,1,1,1,3,Lost
15086,564,2,218.53,Churned,1,2,1,4,Lost
15087,281,1,306.94,Churned,2,1,1,4,Lost
15088,21,2,1160.07,Active,4,2,3,9,"New Customers"
15089,10,6,2420.84,Active,4,3,4,11,"Loyal Customers"
15090,308,1,381.32,Churned,2,1,2,5,Lost
15091,67,3,1046.61,Active,3,2,3,8,Others
15092,215,3,776.46,Churned,2,2,2,6,Lost
15093,18,23,14326.11,Active,4,4,4,12,Champions
15094,463,2,83.00,Churned,1,2,1,4,Lost
15095,103,10,3141.64,Churned,2,4,4,10,"At Risk"
15096,42,1,219.39,Active,3,1,1,5,Others
15097,4,3,908.35,Active,4,2,3,9,"New Customers"
15098,182,3,39916.50,Churned,2,2,4,8,Others
15099,84,1,410.48,Active,3,1,2,6,Others
15100,333,7,2894.70,Churned,2,4,4,10,"At Risk"
15101,8,6,1477.94,Active,4,3,3,10,"Loyal Customers"
15102,530,2,554.67,Churned,1,2,2,5,Lost
15103,31,2,703.36,Active,3,2,2,7,Others
15104,196,2,1027.44,Churned,2,2,3,7,Others
15105,18,9,3094.91,Active,4,4,4,12,Champions
15106,17,5,1422.52,Active,4,3,3,10,"Loyal Customers"
15107,311,9,940.35,Churned,2,4,3,9,"At Risk"
15108,141,4,1300.25,Churned,2,3,3,8,"At Risk"
15109,245,3,983.10,Churned,2,2,3,7,Others
15110,23,6,1505.85,Active,4,3,3,10,"Loyal Customers"
15111,29,5,2730.87,Active,3,3,4,10,"Loyal Customers"
15112,611,1,209.40,Churned,1,1,1,3,Lost
15113,9,3,3609.33,Active,4,2,4,10,"New Customers"
15114,30,12,3400.12,Active,3,4,4,11,"Loyal Customers"
15115,18,2,531.85,Active,4,2,2,8,"New Customers"
15116,17,4,1352.75,Active,4,3,3,10,"Loyal Customers"
15117,14,8,2485.97,Active,4,4,4,12,Champions
15118,134,1,244.80,Churned,2,1,1,4,Lost
15119,245,1,266.40,Churned,2,1,1,4,Lost
15120,133,1,358.82,Churned,2,1,2,5,Lost
15121,50,2,457.72,Active,3,2,2,7,Others
15122,114,11,4497.47,Churned,2,4,4,10,"At Risk"
15123,7,5,4656.17,Active,4,3,4,11,"Loyal Customers"
15124,22,4,450.82,Active,4,3,2,9,"Loyal Customers"
15125,25,24,17024.87,Active,4,4,4,12,Champions
15126,536,2,449.49,Churned,1,2,2,5,Lost
15127,65,2,711.50,Active,3,2,2,7,Others
15128,60,5,1783.68,Active,3,3,3,9,"Loyal Customers"
15129,50,23,6860.18,Active,3,4,4,11,"Loyal Customers"
15130,169,1,330.11,Churned,2,1,1,4,Lost
15131,394,1,80.28,Churned,1,1,1,3,Lost
15132,18,5,977.93,Active,4,3,3,10,"Loyal Customers"
15133,127,5,1806.90,Churned,2,3,3,8,"At Risk"
15134,14,10,1596.29,Active,4,4,3,11,"Loyal Customers"
15135,239,2,305.68,Churned,2,2,1,5,Lost
15136,2,4,1286.70,Active,4,3,3,10,"Loyal Customers"
15137,520,2,823.40,Churned,1,2,2,5,Lost
15138,393,1,502.52,Churned,1,1,2,4,Lost
15139,239,2,178.96,Churned,2,2,1,5,Lost
15140,52,8,3243.69,Active,3,4,4,11,"Loyal Customers"
15141,457,7,1388.47,Churned,1,4,3,8,"At Risk"
15142,46,6,2619.92,Active,3,3,4,10,"Loyal Customers"
15143,225,2,563.63,Churned,2,2,2,6,Lost
15144,8,29,12160.31,Active,4,4,4,12,Champions
15145,4,4,1194.73,Active,4,3,3,10,"Loyal Customers"
15146,164,2,1327.16,Churned,2,2,3,7,Others
15147,240,1,623.50,Churned,2,1,2,5,Lost
15148,10,1,301.29,Active,4,1,1,6,"New Customers"
15149,133,5,1554.61,Churned,2,3,3,8,"At Risk"
15150,17,13,9001.08,Active,4,4,4,12,Champions
15151,423,2,2085.61,Churned,1,2,3,6,Others
15152,9,14,5263.83,Active,4,4,4,12,Champions
15153,31,1,329.25,Active,3,1,1,5,Others
15154,75,3,1388.41,Active,3,2,3,8,Others
15155,383,1,383.97,Churned,1,1,2,4,Lost
15156,1,3,961.49,Active,4,2,3,9,"New Customers"
15157,3,5,2654.11,Active,4,3,4,11,"Loyal Customers"
15158,45,2,606.02,Active,3,2,2,7,Others
15159,1,34,22116.73,Active,4,4,4,12,Champions
15160,357,4,589.27,Churned,2,3,2,7,"At Risk"
15161,388,1,119.92,Churned,1,1,1,3,Lost
15162,731,1,312.90,Churned,1,1,1,3,Lost
15163,18,2,304.47,Active,4,2,1,7,"New Customers"
15164,68,9,2068.92,Active,3,4,3,10,"Loyal Customers"
15165,373,1,975.50,Churned,2,1,3,6,Others
15166,467,1,167.16,Churned,1,1,1,3,Lost
15167,320,5,1659.67,Churned,2,3,3,8,"At Risk"
15168,25,1,106.56,Active,4,1,1,6,"New Customers"
15169,382,2,569.22,Churned,1,2,2,5,Lost
15170,406,1,81.15,Churned,1,1,1,3,Lost
15171,331,1,1289.50,Churned,2,1,3,6,Others
15172,8,5,1624.05,Active,4,3,3,10,"Loyal Customers"
15173,380,7,1494.60,Churned,1,4,3,8,"At Risk"
15174,322,2,481.46,Churned,2,2,2,6,Lost
15175,71,1,224.14,Active,3,1,1,5,Others
15176,667,1,988.04,Churned,1,1,3,5,Others
15177,425,1,948.93,Churned,1,1,3,5,Others
15178,260,1,40.50,Churned,2,1,1,4,Lost
15179,18,13,7491.92,Active,4,4,4,12,Champions
15180,367,3,904.43,Churned,2,2,3,7,Others
15181,66,5,1200.20,Active,3,3,3,9,"Loyal Customers"
15182,154,11,2998.95,Churned,2,4,4,10,"At Risk"
15183,547,3,639.93,Churned,1,2,2,5,Lost
15184,29,4,689.95,Active,3,3,2,8,"Loyal Customers"
15185,70,1,310.62,Active,3,1,1,5,Others
15186,14,5,1403.20,Active,4,3,3,10,"Loyal Customers"
15187,1,16,4777.18,Active,4,4,4,12,Champions
15188,725,1,310.43,Churned,1,1,1,3,Lost
15189,1,46,17524.38,Active,4,4,4,12,Champions
15190,434,1,834.44,Churned,1,1,2,4,Lost
15191,463,3,588.05,Churned,1,2,2,5,Lost
15192,119,5,1981.39,Churned,2,3,3,8,"At Risk"
15193,60,1,499.32,Active,3,1,2,6,Others
15194,3,28,12427.69,Active,4,4,4,12,Champions
15195,2,1,3861.00,Active,4,1,4,9,"New Customers"
15196,432,2,316.25,Churned,1,2,1,4,Lost
15197,10,6,1877.51,Active,4,3,3,10,"Loyal Customers"
15198,92,5,571.35,Churned,3,3,2,8,"Loyal Customers"
15199,59,10,3122.40,Active,3,4,4,11,"Loyal Customers"
15200,494,1,549.05,Churned,1,1,2,4,Lost
15201,87,7,1842.95,Active,3,4,3,10,"Loyal Customers"
15202,420,3,6001.49,Churned,1,2,4,7,Others
15203,25,15,4400.18,Active,4,4,4,12,Champions
15204,357,1,316.58,Churned,2,1,1,4,Lost
15205,85,2,653.24,Active,3,2,2,7,Others
15206,10,4,420.30,Active,4,3,2,9,"Loyal Customers"
15207,416,3,683.92,Churned,1,2,2,5,Lost
15208,1,6,970.52,Active,4,3,3,10,"Loyal Customers"
15209,730,1,178.98,Churned,1,1,1,3,Lost
15210,225,3,1176.19,Churned,2,2,3,7,Others
15211,60,2,1277.48,Active,3,2,3,8,Others
15212,241,2,208.28,Churned,2,2,1,5,Lost
15213,318,2,328.35,Churned,2,2,1,5,Lost
15214,1,8,1661.44,Active,4,4,3,11,"Loyal Customers"
15215,46,7,2422.43,Active,3,4,4,11,"Loyal Customers"
15216,87,2,486.09,Active,3,2,2,7,Others
15217,563,1,426.24,Churned,1,1,2,4,Lost
15218,10,22,11516.57,Active,4,4,4,12,Champions
15219,176,2,685.45,Churned,2,2,2,6,Lost
15220,51,6,1778.96,Active,3,3,3,9,"Loyal Customers"
15221,366,4,2465.45,Churned,2,3,4,9,"At Risk"
15222,318,11,3550.91,Churned,2,4,4,10,"At Risk"
15223,225,5,1417.95,Churned,2,3,3,8,"At Risk"
15224,358,5,871.36,Churned,2,3,2,7,"At Risk"
15225,234,1,409.40,Churned,2,1,2,5,Lost
15226,310,1,154.41,Churned,2,1,1,4,Lost
15227,36,9,2488.49,Active,3,4,4,11,"Loyal Customers"
15228,66,6,5580.27,Active,3,3,4,10,"Loyal Customers"
15229,586,1,160.50,Churned,1,1,1,3,Lost
15230,239,2,429.60,Churned,2,2,2,6,Lost
15231,621,1,250.26,Churned,1,1,1,3,Lost
15232,113,2,612.06,Churned,2,2,2,6,Lost
15233,401,1,59.40,Churned,1,1,1,3,Lost
15234,276,1,197.00,Churned,2,1,1,4,Lost
15235,217,16,2937.81,Churned,2,4,4,10,"At Risk"
15236,298,1,321.05,Churned,2,1,1,4,Lost
15237,1,4,1412.32,Active,4,3,3,10,"Loyal Customers"
15238,29,3,1071.99,Active,3,2,3,8,Others
15239,10,2,780.59,Active,4,2,2,8,"New Customers"
15240,44,12,4459.98,Active,3,4,4,11,"Loyal Customers"
15241,66,11,3050.16,Active,3,4,4,11,"Loyal Customers"
15242,422,1,302.04,Churned,1,1,1,3,Lost
15243,74,2,927.28,Active,3,2,3,8,Others
15244,65,3,912.08,Active,3,2,3,8,Others
15245,134,8,4610.84,Churned,2,4,4,10,"At Risk"
15246,238,3,780.40,Churned,2,2,2,6,Lost
15247,122,3,976.06,Churned,2,2,3,7,Others
15248,411,3,1893.93,Churned,1,2,3,6,Others
15249,31,18,9266.00,Active,3,4,4,11,"Loyal Customers"
15250,640,1,60.00,Churned,1,1,1,3,Lost
15251,9,21,20324.54,Active,4,4,4,12,Champions
15252,36,5,2103.41,Active,3,3,3,9,"Loyal Customers"
15253,16,8,2055.09,Active,4,4,3,11,"Loyal Customers"
15254,127,3,1088.35,Churned,2,2,3,7,Others
15255,66,9,3729.42,Active,3,4,4,11,"Loyal Customers"
15256,148,2,170.40,Churned,2,2,1,5,Lost
15257,283,2,685.90,Churned,2,2,2,6,Lost
15258,168,2,623.16,Churned,2,2,2,6,Lost
15259,512,4,1182.38,Churned,1,3,3,7,"At Risk"
15260,100,25,9188.23,Churned,2,4,4,10,"At Risk"
15261,135,4,1508.00,Churned,2,3,3,8,"At Risk"
15262,323,3,418.82,Churned,2,2,2,6,Lost
15263,106,1,156.51,Churned,2,1,1,4,Lost
15264,64,2,848.40,Active,3,2,2,7,Others
15265,151,4,3345.64,Churned,2,3,4,9,"At Risk"
15266,338,5,852.21,Churned,2,3,2,7,"At Risk"
15267,22,5,1717.36,Active,4,3,3,10,"Loyal Customers"
15268,478,3,961.90,Churned,1,2,3,6,Others
15269,23,3,1225.36,Active,4,2,3,9,"New Customers"
15270,15,21,8524.86,Active,4,4,4,12,Champions
15271,7,24,4709.54,Active,4,4,4,12,Champions
15272,57,6,2085.48,Active,3,3,3,9,"Loyal Customers"
15273,599,1,228.96,Churned,1,1,1,3,Lost
15274,4,2,716.57,Active,4,2,2,8,"New Customers"
15275,37,1,615.14,Active,3,1,2,6,Others
15276,66,4,649.53,Active,3,3,2,8,"Loyal Customers"
15277,46,2,476.34,Active,3,2,2,7,Others
15278,561,4,496.16,Churned,1,3,2,6,"At Risk"
15279,354,5,1580.54,Churned,2,3,3,8,"At Risk"
15280,172,3,406.22,Churned,2,2,2,6,Lost
15281,58,16,8543.57,Active,3,4,4,11,"Loyal Customers"
15282,570,1,348.59,Churned,1,1,1,3,Lost
15283,390,3,148.33,Churned,1,2,1,4,Lost
15284,500,1,24.75,Churned,1,1,1,3,Lost
15285,407,1,94.92,Churned,1,1,1,3,Lost
15286,49,1,240.55,Active,3,1,1,5,Others
15287,22,5,856.03,Active,4,3,2,9,"Loyal Customers"
15288,43,10,3883.13,Active,3,4,4,11,"Loyal Customers"
15289,29,5,1593.09,Active,3,3,3,9,"Loyal Customers"
15290,4,26,10496.28,Active,4,4,4,12,Champions
15291,25,40,13846.56,Active,4,4,4,12,Champions
15292,201,1,180.94,Churned,2,1,1,4,Lost
15293,665,1,247.50,Churned,1,1,1,3,Lost
15294,410,1,233.35,Churned,1,1,1,3,Lost
15295,654,1,217.24,Churned,1,1,1,3,Lost
15296,50,12,10342.83,Active,3,4,4,11,"Loyal Customers"
15297,10,3,641.94,Active,4,2,2,8,"New Customers"
15298,2,23,9459.37,Active,4,4,4,12,Champions
15299,67,10,7991.54,Active,3,4,4,11,"Loyal Customers"
15300,64,1,496.44,Active,3,1,2,6,Others
15301,50,17,7603.44,Active,3,4,4,11,"Loyal Customers"
15302,730,1,308.00,Churned,1,1,1,3,Lost
15303,290,3,1224.18,Churned,2,2,3,7,Others
15304,60,9,919.55,Active,3,4,3,10,"Loyal Customers"
15305,555,1,93.60,Churned,1,1,1,3,Lost
15306,64,9,3484.73,Active,3,4,4,11,"Loyal Customers"
15307,95,1,205.30,Churned,3,1,1,5,Others
15308,274,1,310.47,Churned,2,1,1,4,Lost
15309,610,4,797.96,Churned,1,3,2,6,"At Risk"
15310,478,1,1634.64,Churned,1,1,3,5,Others
15311,0,208,116771.16,Active,4,4,4,12,Champions
15312,75,12,2930.19,Active,3,4,4,11,"Loyal Customers"
15313,110,1,52.00,Churned,2,1,1,4,Lost
15314,199,3,820.45,Churned,2,2,2,6,Lost
15315,64,2,570.50,Active,3,2,2,7,Others
15316,326,1,165.00,Churned,2,1,1,4,Lost
15317,677,1,129.75,Churned,1,1,1,3,Lost
15318,3,1,312.62,Active,4,1,1,6,"New Customers"
15319,283,1,204.50,Churned,2,1,1,4,Lost
15320,44,1,267.13,Active,3,1,1,5,Others
15321,70,12,6709.73,Active,3,4,4,11,"Loyal Customers"
15322,85,2,1390.86,Active,3,2,3,8,Others
15323,562,3,434.60,Churned,1,2,2,5,Lost
15324,701,1,140.22,Churned,1,1,1,3,Lost
15325,103,8,1602.01,Churned,2,4,3,9,"At Risk"
15326,333,5,1700.52,Churned,2,3,3,8,"At Risk"
15327,52,1,208.75,Active,3,1,1,5,Others
15328,407,1,107.24,Churned,1,1,1,3,Lost
15329,39,11,2984.33,Active,3,4,4,11,"Loyal Customers"
15330,32,2,714.96,Active,3,2,2,7,Others
15331,499,3,767.91,Churned,1,2,2,5,Lost
15332,366,6,6553.74,Churned,2,3,4,9,"At Risk"
15333,208,1,1028.56,Churned,2,1,3,6,Others
15334,156,3,351.67,Churned,2,2,2,6,Lost
15335,53,1,173.97,Active,3,1,1,5,Others
15336,401,1,240.50,Churned,1,1,1,3,Lost
15337,411,1,373.02,Churned,1,1,2,4,Lost
15338,677,1,283.43,Churned,1,1,1,3,Lost
15339,66,7,1827.84,Active,3,4,3,10,"Loyal Customers"
15340,561,1,105.50,Churned,1,1,1,3,Lost
15341,80,2,2402.72,Active,3,2,4,9,Others
15342,129,1,406.09,Churned,2,1,2,5,Lost
15343,87,1,364.50,Active,3,1,2,6,Others
15344,0,3,563.94,Active,4,2,2,8,"New Customers"
15345,45,1,393.54,Active,3,1,2,6,Others
15346,332,3,596.12,Churned,2,2,2,6,Lost
15347,366,4,1363.60,Churned,2,3,3,8,"At Risk"
15348,72,1,158.04,Active,3,1,1,5,Others
15349,158,2,473.81,Churned,2,2,2,6,Lost
15350,373,2,663.25,Churned,2,2,2,6,Lost
15351,12,10,3738.29,Active,4,4,4,12,Champions
15352,548,1,114.95,Churned,1,1,1,3,Lost
15353,254,7,3175.95,Churned,2,4,4,10,"At Risk"
15354,603,3,284.40,Churned,1,2,1,4,Lost
15355,29,2,277.05,Active,3,2,1,6,Others
15356,31,13,3464.95,Active,3,4,4,11,"Loyal Customers"
15358,4,42,17050.41,Active,4,4,4,12,Champions
15359,662,8,181.35,Churned,1,4,1,6,"At Risk"
15360,39,1,427.93,Active,3,1,2,6,Others
15361,361,4,689.07,Churned,2,3,2,7,"At Risk"
15362,448,2,613.08,Churned,1,2,2,5,Lost
15363,372,2,1004.11,Churned,2,2,3,7,Others
15364,95,2,913.19,Churned,2,2,3,7,Others
15365,25,13,4557.13,Active,4,4,4,12,Champions
15366,75,7,2389.08,Active,3,4,4,11,"Loyal Customers"
15367,57,11,5081.33,Active,3,4,4,11,"Loyal Customers"
15368,21,2,722.74,Active,4,2,2,8,"New Customers"
15369,492,11,6251.26,Churned,1,4,4,9,"At Risk"
15370,40,8,3739.01,Active,3,4,4,11,"Loyal Customers"
15371,662,1,59.40,Churned,1,1,1,3,Lost
15372,137,8,6017.06,Churned,2,4,4,10,"At Risk"
15373,8,17,3421.39,Active,4,4,4,12,Champions
15374,128,2,307.32,Churned,2,2,1,5,Lost
15375,690,1,60.96,Churned,1,1,1,3,Lost
15376,40,3,1233.36,Active,3,2,3,8,Others
15377,382,4,1211.75,Churned,1,3,3,7,"At Risk"
15378,462,2,246.50,Churned,1,2,1,4,Lost
15379,169,8,4877.84,Churned,2,4,4,10,"At Risk"
15380,8,11,3479.06,Active,4,4,4,12,Champions
15381,213,5,1890.57,Churned,2,3,3,8,"At Risk"
15382,14,12,13733.55,Active,4,4,4,12,Champions
15384,169,4,2027.79,Churned,2,3,3,8,"At Risk"
15385,40,3,942.08,Active,3,2,3,8,Others
15386,186,1,394.14,Churned,2,1,2,5,Lost
15387,492,1,468.65,Churned,1,1,2,4,Lost
15388,270,1,140.54,Churned,2,1,1,4,Lost
15389,172,5,2733.80,Churned,2,3,4,9,"At Risk"
15390,396,2,1216.66,Churned,1,2,3,6,Others
15391,584,1,289.87,Churned,1,1,1,3,Lost
15392,4,7,2911.62,Active,4,4,4,12,Champions
15393,16,5,891.34,Active,4,3,2,9,"Loyal Customers"
15394,9,11,5286.80,Active,4,4,4,12,Champions
15395,325,1,107.45,Churned,2,1,1,4,Lost
15396,112,2,796.38,Churned,2,2,2,6,Lost
15397,289,1,94.00,Churned,2,1,1,4,Lost
15398,16,2,1345.53,Active,4,2,3,9,"New Customers"
15399,1,3,815.77,Active,4,2,2,8,"New Customers"
15400,92,8,1302.30,Churned,3,4,3,10,"Loyal Customers"
15401,452,2,216.95,Churned,1,2,1,4,Lost
15402,148,6,1830.54,Churned,2,3,3,8,"At Risk"
15403,491,2,170.88,Churned,1,2,1,4,Lost
15404,375,1,257.06,Churned,2,1,1,4,Lost
15405,189,2,659.84,Churned,2,2,2,6,Lost
15406,31,4,975.87,Active,3,3,3,9,"Loyal Customers"
15407,33,4,1056.44,Active,3,3,3,9,"Loyal Customers"
15408,264,1,267.18,Churned,2,1,1,4,Lost
15409,721,1,131.25,Churned,1,1,1,3,Lost
15410,84,10,4685.72,Active,3,4,4,11,"Loyal Customers"
15411,26,4,1358.88,Active,3,3,3,9,"Loyal Customers"
15412,171,1,190.53,Churned,2,1,1,4,Lost
15413,691,5,6798.72,Churned,1,3,4,8,"At Risk"
15414,9,3,774.90,Active,4,2,2,8,"New Customers"
15415,313,1,572.81,Churned,2,1,2,5,Lost
15416,64,7,4572.82,Active,3,4,4,11,"Loyal Customers"
15417,85,1,508.80,Active,3,1,2,6,Others
15418,425,2,452.32,Churned,1,2,2,5,Lost
15419,24,1,135.86,Active,4,1,1,6,"New Customers"
15420,434,6,743.00,Churned,1,3,2,6,"At Risk"
15421,58,10,3805.34,Active,3,4,4,11,"Loyal Customers"
15422,323,7,1619.97,Churned,2,4,3,9,"At Risk"
15423,38,3,266.89,Active,3,2,1,6,Others
15424,254,3,597.78,Churned,2,2,2,6,Lost
15425,400,4,1944.57,Churned,1,3,3,7,"At Risk"
15426,19,9,2615.39,Active,4,4,4,12,Champions
15427,33,3,1483.14,Active,3,2,3,8,Others
15428,15,4,762.75,Active,4,3,2,9,"Loyal Customers"
15429,26,2,397.35,Active,3,2,2,7,Others
15430,467,2,954.75,Churned,1,2,3,6,Others
15431,502,1,153.24,Churned,1,1,1,3,Lost
15432,23,2,320.76,Active,4,2,1,7,"New Customers"
15433,213,2,533.30,Churned,2,2,2,6,Lost
15434,8,11,2567.06,Active,4,4,4,12,Champions
15435,22,1,149.29,Active,4,1,1,6,"New Customers"
15436,12,3,1122.53,Active,4,2,3,9,"New Customers"
15437,262,2,393.45,Churned,2,2,2,6,Lost
15438,131,1,156.58,Churned,2,1,1,4,Lost
15439,404,4,1269.05,Churned,1,3,3,7,"At Risk"
15440,54,3,383.68,Active,3,2,2,7,Others
15441,396,3,1254.21,Churned,1,2,3,6,Others
15442,248,1,594.00,Churned,2,1,2,5,Lost
15443,1,14,5175.93,Active,4,4,4,12,Champions
15444,9,2,1418.26,Active,4,2,3,9,"New Customers"
15445,264,2,284.50,Churned,2,2,1,5,Lost
15446,376,3,406.95,Churned,2,2,2,6,Lost
15447,330,5,492.88,Churned,2,3,2,7,"At Risk"
15448,312,2,788.81,Churned,2,2,2,6,Lost
15449,26,3,974.52,Active,3,2,3,8,Others
15450,30,1,429.84,Active,3,1,2,6,Others
15451,434,2,233.21,Churned,1,2,1,4,Lost
15452,29,6,1799.11,Active,3,3,3,9,"Loyal Customers"
15453,1,7,1388.37,Active,4,4,3,11,"Loyal Customers"
15454,362,2,307.69,Churned,2,2,1,5,Lost
15455,597,1,38.25,Churned,1,1,1,3,Lost
15456,283,10,2119.27,Churned,2,4,3,9,"At Risk"
15457,262,1,237.07,Churned,2,1,1,4,Lost
15458,25,2,370.44,Active,4,2,2,8,"New Customers"
15459,417,2,202.83,Churned,1,2,1,4,Lost
15460,354,1,216.76,Churned,2,1,1,4,Lost
15461,460,2,429.70,Churned,1,2,2,5,Lost
15462,94,4,737.05,Churned,3,3,2,8,"Loyal Customers"
15463,29,1,126.14,Active,3,1,1,5,Others
15464,338,1,1048.85,Churned,2,1,3,6,Others
15465,19,32,12655.65,Active,4,4,4,12,Champions
15466,85,4,1571.01,Active,3,3,3,9,"Loyal Customers"
15467,9,3,524.88,Active,4,2,2,8,"New Customers"
15468,51,3,1430.48,Active,3,2,3,8,Others
15469,50,3,874.25,Active,3,2,2,7,Others
15470,575,1,63.42,Churned,1,1,1,3,Lost
15471,2,3,1316.56,Active,4,2,3,9,"New Customers"
15472,113,1,371.56,Churned,2,1,2,5,Lost
15473,14,8,2046.00,Active,4,4,3,11,"Loyal Customers"
15474,595,1,163.10,Churned,1,1,1,3,Lost
15475,77,1,454.11,Active,3,1,2,6,Others
15476,380,4,2209.98,Churned,1,3,3,7,"At Risk"
15477,649,1,368.40,Churned,1,1,2,4,Lost
15478,40,3,2024.98,Active,3,2,3,8,Others
15479,733,1,147.40,Churned,1,1,1,3,Lost
15480,116,5,6279.00,Churned,2,3,4,9,"At Risk"
15481,401,1,1993.34,Churned,1,1,3,5,Others
15482,15,19,14592.56,Active,4,4,4,12,Champions
15483,161,10,862.20,Churned,2,4,2,8,"At Risk"
15484,1,6,4656.00,Active,4,3,4,11,"Loyal Customers"
15485,30,7,5771.51,Active,3,4,4,11,"Loyal Customers"
15486,527,1,102.00,Churned,1,1,1,3,Lost
15487,679,1,231.32,Churned,1,1,1,3,Lost
15488,92,5,431.92,Churned,3,3,2,8,"Loyal Customers"
15489,22,8,2419.61,Active,4,4,4,12,Champions
15490,430,1,217.60,Churned,1,1,1,3,Lost
15491,95,6,3100.09,Churned,2,3,4,9,"At Risk"
15492,28,2,659.46,Active,3,2,2,7,Others
15493,32,9,4314.98,Active,3,4,4,11,"Loyal Customers"
15494,21,5,3780.05,Active,4,3,4,11,"Loyal Customers"
15495,379,1,246.50,Churned,2,1,1,4,Lost
15496,631,1,146.14,Churned,1,1,1,3,Lost
15497,17,9,8657.39,Active,4,4,4,12,Champions
15498,2,44,26039.58,Active,4,4,4,12,Champions
15499,723,1,161.60,Churned,1,1,1,3,Lost
15500,8,4,1131.56,Active,4,3,3,10,"Loyal Customers"
15501,404,2,402.50,Churned,1,2,2,5,Lost
15502,15,14,13993.47,Active,4,4,4,12,Champions
15503,362,2,267.15,Churned,2,2,1,5,Lost
15504,81,4,423.85,Active,3,3,2,8,"Loyal Customers"
15505,52,5,3610.96,Active,3,3,4,10,"Loyal Customers"
15506,22,6,2040.03,Active,4,3,3,10,"Loyal Customers"
15507,171,1,492.36,Churned,2,1,2,5,Lost
15508,189,6,1000.27,Churned,2,3,3,8,"At Risk"
15509,380,1,166.51,Churned,1,1,1,3,Lost
15510,330,1,250.00,Churned,2,1,1,4,Lost
15511,11,5,909.23,Active,4,3,3,10,"Loyal Customers"
15512,155,4,331.58,Churned,2,3,1,6,"At Risk"
15513,33,35,27750.55,Active,3,4,4,11,"Loyal Customers"
15514,12,18,6598.55,Active,4,4,4,12,Champions
15515,387,1,171.81,Churned,1,1,1,3,Lost
15516,44,3,62.43,Active,3,2,1,6,Others
15517,233,1,267.03,Churned,2,1,1,4,Lost
15518,64,15,4218.94,Active,3,4,4,11,"Loyal Customers"
15519,383,2,344.61,Churned,1,2,1,4,Lost
15520,1,1,343.50,Active,4,1,1,6,"New Customers"
15521,40,16,7106.69,Active,3,4,4,11,"Loyal Customers"
15522,32,2,398.84,Active,3,2,2,7,Others
15523,84,16,17359.99,Active,3,4,4,11,"Loyal Customers"
15524,24,2,591.40,Active,4,2,2,8,"New Customers"
15525,2,4,1295.70,Active,4,3,3,10,"Loyal Customers"
15526,33,2,148.44,Active,3,2,1,6,Others
15527,18,23,5575.64,Active,4,4,4,12,Champions
15528,254,1,229.33,Churned,2,1,1,4,Lost
15529,22,12,5111.95,Active,4,4,4,12,Champions
15530,21,5,1813.72,Active,4,3,3,10,"Loyal Customers"
15531,8,2,2007.44,Active,4,2,3,9,"New Customers"
15532,25,10,3771.90,Active,4,4,4,12,Champions
15533,19,3,807.57,Active,4,2,2,8,"New Customers"
15534,725,1,162.25,Churned,1,1,1,3,Lost
15535,173,6,1087.82,Churned,2,3,3,8,"At Risk"
15536,409,1,259.09,Churned,1,1,1,3,Lost
15537,163,1,110.92,Churned,2,1,1,4,Lost
15538,537,6,3358.40,Churned,1,3,4,8,"At Risk"
15539,7,1,538.46,Active,4,1,2,7,"New Customers"
15540,11,2,460.68,Active,4,2,2,8,"New Customers"
15541,114,1,85.13,Churned,2,1,1,4,Lost
15542,512,3,918.45,Churned,1,2,3,6,Others
15543,288,2,242.84,Churned,2,2,1,5,Lost
15544,9,20,8162.43,Active,4,4,4,12,Champions
15545,54,2,428.05,Active,3,2,2,7,Others
15546,606,2,1079.10,Churned,1,2,3,6,Others
15547,7,26,10154.39,Active,4,4,4,12,Champions
15548,595,1,158.09,Churned,1,1,1,3,Lost
15549,77,8,2345.96,Active,3,4,4,11,"Loyal Customers"
15550,4,12,2218.80,Active,4,4,3,11,"Loyal Customers"
15551,36,7,1710.08,Active,3,4,3,10,"Loyal Customers"
15552,217,2,252.52,Churned,2,2,1,5,Lost
15553,60,1,437.23,Active,3,1,2,6,Others
15554,277,1,217.20,Churned,2,1,1,4,Lost
15555,12,36,12112.35,Active,4,4,4,12,Champions
15556,24,1,279.77,Active,4,1,1,6,"New Customers"
15557,28,1,473.65,Active,3,1,2,6,Others
15558,639,1,214.13,Churned,1,1,1,3,Lost
15559,568,1,1109.40,Churned,1,1,3,5,Others
15560,397,2,153.52,Churned,1,2,1,4,Lost
15561,11,8,1934.39,Active,4,4,3,11,"Loyal Customers"
15562,351,3,673.38,Churned,2,2,2,6,Lost
15563,22,7,2867.00,Active,4,4,4,12,Champions
15564,463,2,70.74,Churned,1,2,1,4,Lost
15565,50,2,173.16,Active,3,2,1,6,Others
15566,392,2,227.87,Churned,1,2,1,4,Lost
15567,18,1,186.01,Active,4,1,1,6,"New Customers"
15568,2,3,758.29,Active,4,2,2,8,"New Customers"
15569,103,10,3586.35,Churned,2,4,4,10,"At Risk"
15570,7,25,9311.04,Active,4,4,4,12,Champions
15571,11,14,4051.63,Active,4,4,4,12,Champions
15572,4,10,4068.67,Active,4,4,4,12,Champions
15573,31,5,1207.18,Active,3,3,3,9,"Loyal Customers"
15574,177,6,1518.70,Churned,2,3,3,8,"At Risk"
15575,619,1,30.10,Churned,1,1,1,3,Lost
15576,37,1,940.67,Active,3,1,3,7,Others
15577,151,5,397.98,Churned,2,3,2,7,"At Risk"
15578,162,1,127.10,Churned,2,1,1,4,Lost
15579,68,5,1302.50,Active,3,3,3,9,"Loyal Customers"
15580,376,8,1381.19,Churned,2,4,3,9,"At Risk"
15581,120,38,7794.59,Churned,2,4,4,10,"At Risk"
15582,24,3,682.91,Active,4,2,2,8,"New Customers"
15583,376,1,107.86,Churned,2,1,1,4,Lost
15584,23,6,1277.50,Active,4,3,3,10,"Loyal Customers"
15585,176,1,455.30,Churned,2,1,2,5,Lost
15586,592,3,1139.10,Churned,1,2,3,6,Others
15587,50,7,1522.08,Active,3,4,3,10,"Loyal Customers"
15588,677,1,579.60,Churned,1,1,2,4,Lost
15589,255,3,478.53,Churned,2,2,2,6,Lost
15590,382,5,1496.60,Churned,1,3,3,7,"At Risk"
15591,582,3,217.90,Churned,1,2,1,4,Lost
15592,46,1,388.58,Active,3,1,2,6,Others
15593,70,1,199.80,Active,3,1,1,5,Others
15594,15,5,1771.78,Active,4,3,3,10,"Loyal Customers"
15595,487,1,357.60,Churned,1,1,2,4,Lost
15596,100,9,3130.04,Churned,2,4,4,10,"At Risk"
15597,35,2,563.37,Active,3,2,2,7,Others
15598,53,2,548.02,Active,3,2,2,7,Others
15599,26,3,1250.06,Active,3,2,3,8,Others
15600,428,4,1199.31,Churned,1,3,3,7,"At Risk"
15601,11,30,14960.12,Active,4,4,4,12,Champions
15602,8,16,3230.51,Active,4,4,4,12,Champions
15603,78,2,88.48,Active,3,2,1,6,Others
15604,52,1,216.39,Active,3,1,1,5,Others
15605,36,9,1936.80,Active,3,4,3,10,"Loyal Customers"
15606,61,17,5230.99,Active,3,4,4,11,"Loyal Customers"
15607,336,9,1708.97,Churned,2,4,3,9,"At Risk"
15608,28,5,1785.98,Active,3,3,3,9,"Loyal Customers"
15609,184,1,298.48,Churned,2,1,1,4,Lost
15610,51,1,112.46,Active,3,1,1,5,Others
15611,9,26,2997.28,Active,4,4,4,12,Champions
15612,36,2,195.15,Active,3,2,1,6,Others
15613,610,1,433.72,Churned,1,1,2,4,Lost
15614,437,4,3147.36,Churned,1,3,4,8,"At Risk"
15615,10,47,21373.97,Active,4,4,4,12,Champions
15616,438,1,317.11,Churned,1,1,1,3,Lost
15617,396,3,828.55,Churned,1,2,2,5,Lost
15618,32,4,776.85,Active,3,3,2,8,"Loyal Customers"
15619,10,1,336.40,Active,4,1,1,6,"New Customers"
15620,56,4,1942.36,Active,3,3,3,9,"Loyal Customers"
15621,4,4,1293.03,Active,4,3,3,10,"Loyal Customers"
15622,43,17,7852.61,Active,3,4,4,11,"Loyal Customers"
15623,141,8,2437.05,Churned,2,4,4,10,"At Risk"
15624,116,4,588.13,Churned,2,3,2,7,"At Risk"
15625,103,9,3236.40,Churned,2,4,4,10,"At Risk"
15626,74,3,1067.52,Active,3,2,3,8,Others
15627,457,2,566.90,Churned,1,2,2,5,Lost
15628,4,17,5652.26,Active,4,4,4,12,Champions
15629,450,4,2240.90,Churned,1,3,3,7,"At Risk"
15630,45,3,1481.40,Active,3,2,3,8,Others
15631,642,1,596.67,Churned,1,1,2,4,Lost
15632,15,8,3285.31,Active,4,4,4,12,Champions
15633,509,13,4352.46,Churned,1,4,4,9,"At Risk"
15634,17,2,554.65,Active,4,2,2,8,"New Customers"
15635,395,1,100.35,Churned,1,1,1,3,Lost
15636,89,4,1444.58,Active,3,3,3,9,"Loyal Customers"
15637,52,5,797.59,Active,3,3,2,8,"Loyal Customers"
15638,378,6,2265.20,Churned,2,3,3,8,"At Risk"
15639,134,3,1065.08,Churned,2,2,3,7,Others
15640,4,29,23957.58,Active,4,4,4,12,Champions
15641,105,12,5345.55,Churned,2,4,4,10,"At Risk"
15642,729,1,105.78,Churned,1,1,1,3,Lost
15643,191,3,664.00,Churned,2,2,2,6,Lost
15644,166,4,813.00,Churned,2,3,2,7,"At Risk"
15645,18,3,1055.17,Active,4,2,3,9,"New Customers"
15646,157,5,974.61,Churned,2,3,3,8,"At Risk"
15647,415,1,169.00,Churned,1,1,1,3,Lost
15648,204,2,657.35,Churned,2,2,2,6,Lost
15649,336,4,2170.35,Churned,2,3,3,8,"At Risk"
15650,521,2,553.88,Churned,1,2,2,5,Lost
15651,36,5,1259.06,Active,3,3,3,9,"Loyal Customers"
15652,91,5,1420.34,Churned,3,3,3,9,"Loyal Customers"
15653,92,2,877.44,Churned,3,2,2,7,Others
15654,9,2,922.53,Active,4,2,3,9,"New Customers"
15655,243,1,560.67,Churned,2,1,2,5,Lost
15656,45,4,748.50,Active,3,3,2,8,"Loyal Customers"
15657,22,1,30.00,Active,4,1,1,6,"New Customers"
15658,190,8,2423.47,Churned,2,4,4,10,"At Risk"
15659,43,3,532.49,Active,3,2,2,7,Others
15660,25,15,2812.99,Active,4,4,4,12,Champions
15661,317,8,1215.95,Churned,2,4,3,9,"At Risk"
15662,661,2,283.73,Churned,1,2,1,4,Lost
15663,106,1,138.14,Churned,2,1,1,4,Lost
15664,50,4,1254.03,Active,3,3,3,9,"Loyal Customers"
15665,168,5,4015.12,Churned,2,3,4,9,"At Risk"
15666,472,2,632.94,Churned,1,2,2,5,Lost
15667,39,1,301.32,Active,3,1,1,5,Others
15668,217,1,76.32,Churned,2,1,1,4,Lost
15669,40,4,684.34,Active,3,3,2,8,"Loyal Customers"
15670,296,2,325.20,Churned,2,2,1,5,Lost
15671,18,7,2657.13,Active,4,4,4,12,Champions
15672,725,1,45.30,Churned,1,1,1,3,Lost
15673,88,9,6414.79,Active,3,4,4,11,"Loyal Customers"
15674,73,13,6948.23,Active,3,4,4,11,"Loyal Customers"
15675,81,4,542.04,Active,3,3,2,8,"Loyal Customers"
15676,18,3,3435.76,Active,4,2,4,10,"New Customers"
15677,49,3,1305.63,Active,3,2,3,8,Others
15678,52,3,1893.89,Active,3,2,3,8,Others
15679,24,4,781.28,Active,4,3,2,9,"Loyal Customers"
15680,9,10,4507.58,Active,4,4,4,12,Champions
15681,25,14,2989.70,Active,4,4,4,12,Champions
15682,599,2,318.24,Churned,1,2,1,4,Lost
15683,117,2,524.54,Churned,2,2,2,6,Lost
15684,547,3,173.95,Churned,1,2,1,4,Lost
15685,450,1,55.98,Churned,1,1,1,3,Lost
15686,420,1,90.00,Churned,1,1,1,3,Lost
15687,8,9,2993.10,Active,4,4,4,12,Champions
15688,418,1,190.57,Churned,1,1,1,3,Lost
15689,119,3,521.03,Churned,2,2,2,6,Lost
15690,4,2,239.76,Active,4,2,1,7,"New Customers"
15691,252,4,571.30,Churned,2,3,2,7,"At Risk"
15692,28,1,191.04,Active,3,1,1,5,Others
15693,659,1,37.50,Churned,1,1,1,3,Lost
15694,0,24,10810.81,Active,4,4,4,12,Champions
15695,266,4,1131.04,Churned,2,3,3,8,"At Risk"
15696,33,13,3906.57,Active,3,4,4,11,"Loyal Customers"
15697,689,1,246.75,Churned,1,1,1,3,Lost
15698,624,1,46.20,Churned,1,1,1,3,Lost
15699,17,1,309.65,Active,4,1,1,6,"New Customers"
15700,172,2,696.68,Churned,2,2,2,6,Lost
15701,2,4,1542.14,Active,4,3,3,10,"Loyal Customers"
15702,476,2,140.39,Churned,1,2,1,4,Lost
15703,264,1,211.50,Churned,2,1,1,4,Lost
15704,140,6,3817.96,Churned,2,3,4,9,"At Risk"
15705,201,1,143.10,Churned,2,1,1,4,Lost
15706,63,4,1060.56,Active,3,3,3,9,"Loyal Customers"
15707,35,4,945.58,Active,3,3,3,9,"Loyal Customers"
15708,40,9,4378.72,Active,3,4,4,11,"Loyal Customers"
15709,283,2,327.85,Churned,2,2,1,5,Lost
15710,417,1,898.87,Churned,1,1,2,4,Lost
15711,556,2,420.25,Churned,1,2,2,5,Lost
15712,9,12,3472.41,Active,4,4,4,12,Champions
15713,143,4,1010.79,Churned,2,3,3,8,"At Risk"
15714,11,5,784.81,Active,4,3,2,9,"Loyal Customers"
15715,555,5,658.02,Churned,1,3,2,6,"At Risk"
15716,145,11,3056.81,Churned,2,4,4,10,"At Risk"
15717,234,5,607.00,Churned,2,3,2,7,"At Risk"
15718,540,1,293.79,Churned,1,1,1,3,Lost
15719,32,31,10223.06,Active,3,4,4,11,"Loyal Customers"
15720,24,2,741.92,Active,4,2,2,8,"New Customers"
15721,11,1,507.08,Active,4,1,2,7,"New Customers"
15722,35,11,5258.10,Active,3,4,4,11,"Loyal Customers"
15723,364,4,947.65,Churned,2,3,3,8,"At Risk"
15724,201,3,310.85,Churned,2,2,1,5,Lost
15725,15,1,415.25,Active,4,1,2,7,"New Customers"
15726,390,1,321.91,Churned,1,1,1,3,Lost
15727,16,15,9445.51,Active,4,4,4,12,Champions
15728,379,2,544.60,Churned,2,2,2,6,Lost
15729,212,3,192.55,Churned,2,2,1,5,Lost
15730,65,5,1726.58,Active,3,3,3,9,"Loyal Customers"
15731,553,1,125.30,Churned,1,1,1,3,Lost
15732,212,10,1682.07,Churned,2,4,3,9,"At Risk"
15733,282,1,162.30,Churned,2,1,1,4,Lost
15734,114,4,2263.30,Churned,2,3,3,8,"At Risk"
15735,421,1,327.68,Churned,1,1,1,3,Lost
15736,435,2,1815.72,Churned,1,2,3,6,Others
15737,14,8,1205.12,Active,4,4,3,11,"Loyal Customers"
15738,18,41,13372.97,Active,4,4,4,12,Champions
15739,66,1,449.12,Active,3,1,2,6,Others
15740,49,1,154.88,Active,3,1,1,5,Others
15741,458,2,208.62,Churned,1,2,1,4,Lost
15742,619,1,156.87,Churned,1,1,1,3,Lost
15743,16,4,784.46,Active,4,3,2,9,"Loyal Customers"
15744,77,1,34.80,Active,3,1,1,5,Others
15745,19,4,1094.59,Active,4,3,3,10,"Loyal Customers"
15746,134,1,196.88,Churned,2,1,1,4,Lost
15747,12,9,2562.61,Active,4,4,4,12,Champions
15748,40,3,614.76,Active,3,2,2,7,Others
15749,235,3,44534.30,Churned,2,2,4,8,Others
15750,2,18,6797.19,Active,4,4,4,12,Champions
15751,460,11,1380.44,Churned,1,4,3,8,"At Risk"
15752,39,9,4207.54,Active,3,4,4,11,"Loyal Customers"
15753,304,1,79.20,Churned,2,1,1,4,Lost
15754,51,9,3037.61,Active,3,4,4,11,"Loyal Customers"
15755,10,17,5993.12,Active,4,4,4,12,Champions
15756,61,4,532.96,Active,3,3,2,8,"Loyal Customers"
15757,65,6,2940.36,Active,3,3,4,10,"Loyal Customers"
15758,24,1,205.25,Active,4,1,1,6,"New Customers"
15759,218,7,830.93,Churned,2,4,2,8,"At Risk"
15760,630,2,13916.34,Churned,1,2,4,7,Others
15761,442,1,143.05,Churned,1,1,1,3,Lost
15762,65,2,583.75,Active,3,2,2,7,Others
15763,31,2,1086.92,Active,3,2,3,8,Others
15764,88,8,4503.08,Active,3,4,4,11,"Loyal Customers"
15765,666,1,370.63,Churned,1,1,2,4,Lost
15766,64,3,831.06,Active,3,2,2,7,Others
15768,115,34,15601.09,Churned,2,4,4,10,"At Risk"
15769,7,46,88704.32,Active,4,4,4,12,Champions
15770,612,1,321.45,Churned,1,1,1,3,Lost
15771,604,3,1006.54,Churned,1,3,3,7,"At Risk"
15772,418,1,280.88,Churned,1,1,1,3,Lost
15773,5,2,774.52,Active,4,2,2,8,"New Customers"
15774,68,6,1329.94,Active,3,3,3,9,"Loyal Customers"
15775,245,2,150.50,Churned,2,2,1,5,Lost
15776,133,1,241.62,Churned,2,1,1,4,Lost
15777,241,7,1762.61,Churned,2,4,3,9,"At Risk"
15778,431,1,307.95,Churned,1,1,1,3,Lost
15779,463,2,124.08,Churned,1,2,1,4,Lost
15780,183,3,475.28,Churned,2,3,2,7,"At Risk"
15781,25,3,345.46,Active,4,3,1,8,"Loyal Customers"
15782,9,4,4014.10,Active,4,3,4,11,"Loyal Customers"
15783,10,1,246.30,Active,4,1,1,6,"New Customers"
15784,467,2,848.33,Churned,1,2,2,5,Lost
15785,32,16,5969.93,Active,3,4,4,11,"Loyal Customers"
15786,46,5,8514.82,Active,3,3,4,10,"Loyal Customers"
15787,26,3,948.05,Active,3,3,3,9,"Loyal Customers"
15788,508,1,221.83,Churned,1,1,1,3,Lost
15789,358,6,1962.01,Churned,2,3,3,8,"At Risk"
15790,10,1,220.85,Active,4,1,1,6,"New Customers"
15791,43,5,3608.34,Active,3,3,4,10,"Loyal Customers"
15792,399,2,933.84,Churned,1,2,3,6,Others
15793,14,8,2399.57,Active,4,4,4,12,Champions
15794,736,2,777.00,Churned,1,2,2,5,Lost
15795,149,8,1979.87,Churned,2,4,3,9,"At Risk"
15796,1,17,5175.83,Active,4,4,4,12,Champions
15797,113,6,2821.08,Churned,2,3,4,9,"At Risk"
15798,492,3,1535.37,Churned,1,3,3,7,"At Risk"
15799,75,4,1424.29,Active,3,3,3,9,"Loyal Customers"
15800,107,7,1242.58,Churned,2,4,3,9,"At Risk"
15801,46,3,1063.95,Active,3,3,3,9,"Loyal Customers"
15802,142,1,451.42,Churned,2,1,2,5,Lost
15803,51,4,1929.66,Active,3,3,3,9,"Loyal Customers"
15804,0,13,4206.39,Active,4,4,4,12,Champions
15805,23,30,10189.23,Active,4,4,4,12,Champions
15806,46,3,784.58,Active,3,3,2,8,"Loyal Customers"
15807,50,5,1817.52,Active,3,3,3,9,"Loyal Customers"
15808,306,21,18409.93,Churned,2,4,4,10,"At Risk"
15809,36,7,1274.44,Active,3,4,3,10,"Loyal Customers"
15810,78,8,2999.04,Active,3,4,4,11,"Loyal Customers"
15811,22,7,3890.52,Active,4,4,4,12,Champions
15812,107,12,5201.47,Churned,2,4,4,10,"At Risk"
15813,207,2,1303.91,Churned,2,2,3,7,Others
15814,16,6,2634.44,Active,4,3,4,11,"Loyal Customers"
15815,63,5,2100.60,Active,3,3,3,9,"Loyal Customers"
15816,542,2,144.15,Churned,1,2,1,4,Lost
15817,420,3,2766.40,Churned,1,3,4,8,"At Risk"
15818,588,1,340.50,Churned,1,1,1,3,Lost
15819,49,10,3934.79,Active,3,4,4,11,"Loyal Customers"
15820,319,1,206.98,Churned,2,1,1,4,Lost
15821,44,2,570.96,Active,3,2,2,7,Others
15822,3,6,1840.06,Active,4,3,3,10,"Loyal Customers"
15823,372,3,3897.17,Churned,2,3,4,9,"At Risk"
15824,453,2,890.94,Churned,1,2,2,5,Lost
15825,172,1,532.94,Churned,2,1,2,5,Lost
15826,56,4,2598.28,Active,3,3,4,10,"Loyal Customers"
15827,73,28,3794.07,Active,3,4,4,11,"Loyal Customers"
15828,375,1,1108.82,Churned,2,1,3,6,Others
15829,99,2,636.14,Churned,2,2,2,6,Lost
15830,37,1,576.00,Active,3,1,2,6,Others
15831,58,3,801.76,Active,3,3,2,8,"Loyal Customers"
15832,254,1,836.79,Churned,2,1,2,5,Lost
15833,737,1,80.40,Churned,1,1,1,3,Lost
15834,70,7,3772.99,Active,3,4,4,11,"Loyal Customers"
15835,44,4,954.09,Active,3,3,3,9,"Loyal Customers"
15836,50,1,137.37,Active,3,1,1,5,Others
15837,64,2,777.01,Active,3,2,2,7,Others
15838,11,34,74163.00,Active,4,4,4,12,Champions
15839,33,3,1048.49,Active,3,3,3,9,"Loyal Customers"
15840,58,2,355.56,Active,3,2,2,7,Others
15841,72,9,2742.41,Active,3,4,4,11,"Loyal Customers"
15842,393,2,548.80,Churned,1,2,2,5,Lost
15843,303,1,118.95,Churned,2,1,1,4,Lost
15844,46,1,130.74,Active,3,1,1,5,Others
15845,17,11,4426.28,Active,4,4,4,12,Champions
15846,385,1,107.01,Churned,1,1,1,3,Lost
15847,38,5,822.57,Active,3,3,2,8,"Loyal Customers"
15848,621,1,139.94,Churned,1,1,1,3,Lost
15850,19,6,1058.72,Active,4,3,3,10,"Loyal Customers"
15851,526,1,109.73,Churned,1,1,1,3,Lost
15852,186,3,257.26,Churned,2,3,1,6,"At Risk"
15853,51,1,110.80,Active,3,1,1,5,Others
15854,4,21,5583.81,Active,4,4,4,12,Champions
15855,136,6,1052.72,Churned,2,3,3,8,"At Risk"
15856,4,52,34220.34,Active,4,4,4,12,Champions
15857,18,2,570.48,Active,4,2,2,8,"New Customers"
15858,15,13,3960.37,Active,4,4,4,12,Champions
15859,432,1,438.46,Churned,1,1,2,4,Lost
15860,40,17,2505.21,Active,3,4,4,11,"Loyal Customers"
15861,12,12,4401.79,Active,4,4,4,12,Champions
15862,8,13,2928.29,Active,4,4,4,12,Champions
15863,25,5,358.70,Active,4,3,2,9,"Loyal Customers"
15864,22,7,2180.76,Active,4,4,3,11,"Loyal Customers"
15865,40,5,2248.92,Active,3,3,3,9,"Loyal Customers"
15866,101,1,230.53,Churned,2,1,1,4,Lost
15867,5,31,9063.95,Active,4,4,4,12,Champions
15868,583,1,94.53,Churned,1,1,1,3,Lost
15869,277,3,323.66,Churned,2,3,1,6,"At Risk"
15870,32,4,862.61,Active,3,3,2,8,"Loyal Customers"
15871,437,1,33.10,Churned,1,1,1,3,Lost
15872,14,4,795.68,Active,4,3,2,9,"Loyal Customers"
15873,499,4,313.92,Churned,1,3,1,5,"At Risk"
15874,63,21,11284.76,Active,3,4,4,11,"Loyal Customers"
15875,646,1,111.72,Churned,1,1,1,3,Lost
15876,409,2,1449.14,Churned,1,2,3,6,Others
15877,1,2,493.28,Active,4,2,2,8,"New Customers"
15878,561,2,330.77,Churned,1,2,1,4,Lost
15879,404,4,1157.30,Churned,1,3,3,7,"At Risk"
15880,369,1,686.56,Churned,2,1,2,5,Lost
15881,312,5,501.39,Churned,2,3,2,7,"At Risk"
15882,198,8,1495.98,Churned,2,4,3,9,"At Risk"
15883,2,2,396.48,Active,4,2,2,8,"New Customers"
15884,432,2,249.70,Churned,1,2,1,4,Lost
15885,92,15,1951.82,Churned,3,4,3,10,"Loyal Customers"
15886,60,4,1052.87,Active,3,3,3,9,"Loyal Customers"
15887,406,3,1027.15,Churned,1,3,3,7,"At Risk"
15888,80,3,429.16,Active,3,3,2,8,"Loyal Customers"
15889,156,8,1806.28,Churned,2,4,3,9,"At Risk"
15890,394,5,535.65,Churned,1,3,2,6,"At Risk"
15891,226,1,524.52,Churned,2,1,2,5,Lost
15892,669,1,128.20,Churned,1,1,1,3,Lost
15893,481,1,305.28,Churned,1,1,1,3,Lost
15894,253,2,420.29,Churned,2,2,2,6,Lost
15895,149,1,179.17,Churned,2,1,1,4,Lost
15897,194,2,222.05,Churned,2,2,1,5,Lost
15898,1,25,5596.31,Active,4,4,4,12,Champions
15899,368,1,112.50,Churned,2,1,1,4,Lost
15900,23,4,900.40,Active,4,3,3,10,"Loyal Customers"
15901,16,7,703.22,Active,4,4,2,10,"Loyal Customers"
15902,380,1,145.01,Churned,1,1,1,3,Lost
15903,9,12,8939.84,Active,4,4,4,12,Champions
15904,8,1,164.68,Active,4,1,1,6,"New Customers"
15905,543,1,114.69,Churned,1,1,1,3,Lost
15906,19,10,2555.64,Active,4,4,4,12,Champions
15907,3,3,967.45,Active,4,3,3,10,"Loyal Customers"
15908,490,2,764.57,Churned,1,2,2,5,Lost
15909,173,1,191.94,Churned,2,1,1,4,Lost
15910,0,15,2681.80,Active,4,4,4,12,Champions
15911,623,8,1702.34,Churned,1,4,3,8,"At Risk"
15912,178,9,1074.70,Churned,2,4,3,9,"At Risk"
15913,534,1,6.30,Churned,1,1,1,3,Lost
15914,378,2,205.99,Churned,2,2,1,5,Lost
15915,401,1,429.21,Churned,1,1,2,4,Lost
15916,16,13,3427.17,Active,4,4,4,12,Champions
15917,247,5,560.63,Churned,2,3,2,7,"At Risk"
15918,190,3,582.88,Churned,2,3,2,7,"At Risk"
15919,19,2,910.61,Active,4,2,3,9,"New Customers"
15920,154,9,571.64,Churned,2,4,2,8,"At Risk"
15921,172,4,802.11,Churned,2,3,2,7,"At Risk"
15922,373,1,739.00,Churned,2,1,2,5,Lost
15923,372,1,254.16,Churned,2,1,1,4,Lost
15924,731,1,102.82,Churned,1,1,1,3,Lost
15925,194,1,207.15,Churned,2,1,1,4,Lost
15926,542,1,134.44,Churned,1,1,1,3,Lost
15927,647,1,123.39,Churned,1,1,1,3,Lost
15928,656,1,293.53,Churned,1,1,1,3,Lost
15929,644,1,594.00,Churned,1,1,2,4,Lost
15930,67,1,426.63,Active,3,1,2,6,Others
15931,428,1,239.90,Churned,1,1,1,3,Lost
15932,4,8,2495.87,Active,4,4,4,12,Champions
15933,21,3,1107.46,Active,4,3,3,10,"Loyal Customers"
15934,417,2,2190.66,Churned,1,2,3,6,Others
15935,239,2,416.86,Churned,2,2,2,6,Lost
15936,379,2,282.79,Churned,2,2,1,5,Lost
15937,64,1,145.35,Active,3,1,1,5,Others
15938,112,9,734.81,Churned,2,4,2,8,"At Risk"
15939,89,16,9060.39,Active,3,4,4,11,"Loyal Customers"
15940,311,1,35.80,Churned,2,1,1,4,Lost
15941,637,1,405.00,Churned,1,1,2,4,Lost
15942,133,1,337.44,Churned,2,1,1,4,Lost
15943,649,2,271.29,Churned,1,2,1,4,Lost
15944,276,4,2164.24,Churned,2,3,3,8,"At Risk"
15945,365,4,827.27,Churned,2,3,2,7,"At Risk"
15946,502,3,2304.18,Churned,1,3,3,7,"At Risk"
15947,82,1,1708.24,Active,3,1,3,7,Others
15948,8,3,1509.09,Active,4,3,3,10,"Loyal Customers"
15949,16,2,364.72,Active,4,2,2,8,"New Customers"
15950,31,10,7180.71,Active,3,4,4,11,"Loyal Customers"
15951,8,3,1013.17,Active,4,3,3,10,"Loyal Customers"
15952,33,4,806.57,Active,3,3,2,8,"Loyal Customers"
15953,15,18,3669.55,Active,4,4,4,12,Champions
15954,589,1,190.75,Churned,1,1,1,3,Lost
15955,24,22,8658.36,Active,4,4,4,12,Champions
15956,551,2,617.60,Churned,1,2,2,5,Lost
15957,31,3,930.10,Active,3,3,3,9,"Loyal Customers"
15958,74,4,492.99,Active,3,3,2,8,"Loyal Customers"
15959,682,3,579.49,Churned,1,3,2,6,"At Risk"
15960,374,4,410.95,Churned,2,3,2,7,"At Risk"
15961,379,1,451.29,Churned,2,1,2,5,Lost
15962,449,1,295.83,Churned,1,1,1,3,Lost
15963,19,2,470.76,Active,4,2,2,8,"New Customers"
15964,663,1,272.96,Churned,1,1,1,3,Lost
15965,17,13,3013.09,Active,4,4,4,12,Champions
15966,450,1,426.53,Churned,1,1,2,4,Lost
15967,23,12,3041.60,Active,4,4,4,12,Champions
15968,388,1,418.05,Churned,1,1,2,4,Lost
15969,2,5,1127.05,Active,4,3,3,10,"Loyal Customers"
15970,303,2,1017.32,Churned,2,2,3,7,Others
15971,17,18,5902.83,Active,4,4,4,12,Champions
15972,456,5,1810.27,Churned,1,3,3,7,"At Risk"
15973,366,3,988.44,Churned,2,3,3,8,"At Risk"
15974,39,7,3442.15,Active,3,4,4,11,"Loyal Customers"
15975,84,1,371.01,Active,3,1,2,6,Others
15976,165,6,1746.64,Churned,2,3,3,8,"At Risk"
15977,17,2,1054.73,Active,4,2,3,9,"New Customers"
15978,77,3,3279.42,Active,3,3,4,10,"Loyal Customers"
15979,602,1,329.22,Churned,1,1,1,3,Lost
15980,88,7,6593.68,Active,3,4,4,11,"Loyal Customers"
15981,24,21,9362.77,Active,4,4,4,12,Champions
15982,605,1,324.51,Churned,1,1,1,3,Lost
15983,22,8,3958.82,Active,4,4,4,12,Champions
15984,2,30,8759.32,Active,4,4,4,12,Champions
15985,123,7,2715.28,Churned,2,4,4,10,"At Risk"
15986,30,2,354.42,Active,3,2,2,7,Others
15987,12,8,1682.13,Active,4,4,3,11,"Loyal Customers"
15988,19,3,770.09,Active,4,3,2,9,"Loyal Customers"
15989,375,2,372.51,Churned,2,2,2,6,Lost
15990,44,7,2010.05,Active,3,4,3,10,"Loyal Customers"
15991,534,1,150.55,Churned,1,1,1,3,Lost
15992,3,3,896.60,Active,4,3,2,9,"Loyal Customers"
15993,8,7,2797.57,Active,4,4,4,12,Champions
15994,54,3,1202.18,Active,3,3,3,9,"Loyal Customers"
15995,414,1,696.19,Churned,1,1,2,4,Lost
15996,88,7,1686.90,Active,3,4,3,10,"Loyal Customers"
15998,36,16,8308.34,Active,3,4,4,11,"Loyal Customers"
15999,735,1,20.40,Churned,1,1,1,3,Lost
16000,2,3,12393.70,Active,4,3,4,11,"Loyal Customers"
16001,381,1,583.39,Churned,1,1,2,4,Lost
16002,625,1,169.21,Churned,1,1,1,3,Lost
16003,29,10,5613.83,Active,3,4,4,11,"Loyal Customers"
16004,474,5,2146.39,Churned,1,3,3,7,"At Risk"
16005,12,10,2436.22,Active,4,4,4,12,Champions
16006,211,2,347.17,Churned,2,2,1,5,Lost
16007,47,7,3075.14,Active,3,4,4,11,"Loyal Customers"
16008,23,15,5384.13,Active,4,4,4,12,Champions
16009,22,4,992.71,Active,4,3,3,10,"Loyal Customers"
16010,245,11,1724.06,Churned,2,4,3,9,"At Risk"
16011,8,29,5880.46,Active,4,4,4,12,Champions
16012,35,5,2989.79,Active,3,3,4,10,"Loyal Customers"
16013,3,84,57446.44,Active,4,4,4,12,Champions
16014,37,5,1130.27,Active,3,3,3,9,"Loyal Customers"
16015,3,3,705.39,Active,4,3,2,9,"Loyal Customers"
16016,3,11,2533.94,Active,4,4,4,12,Champions
16017,47,5,1553.83,Active,3,3,3,9,"Loyal Customers"
16018,39,4,698.13,Active,3,3,2,8,"Loyal Customers"
16019,46,27,17465.85,Active,3,4,4,11,"Loyal Customers"
16020,16,3,851.01,Active,4,3,2,9,"Loyal Customers"
16021,395,2,532.25,Churned,1,2,2,5,Lost
16022,260,1,628.28,Churned,2,1,2,5,Lost
16023,46,3,719.81,Active,3,3,2,8,"Loyal Customers"
16024,12,3,484.20,Active,4,3,2,9,"Loyal Customers"
16025,29,1,439.66,Active,3,1,2,6,Others
16026,43,1,236.09,Active,3,1,1,5,Others
16027,91,15,2048.36,Churned,3,4,3,10,"Loyal Customers"
16028,595,1,82.20,Churned,1,1,1,3,Lost
16029,38,107,122209.14,Active,3,4,4,11,"Loyal Customers"
16030,309,1,331.24,Churned,2,1,1,4,Lost
16031,92,2,548.94,Churned,3,2,2,7,Others
16032,456,6,1970.45,Churned,1,3,3,7,"At Risk"
16033,5,27,10836.13,Active,4,4,4,12,Champions
16034,196,6,928.72,Churned,2,3,3,8,"At Risk"
16035,560,1,217.73,Churned,1,1,1,3,Lost
16036,87,4,2556.84,Active,3,3,4,10,"Loyal Customers"
16037,269,5,1509.34,Churned,2,3,3,8,"At Risk"
16038,7,3,471.78,Active,4,3,2,9,"Loyal Customers"
16039,423,2,456.40,Churned,1,2,2,5,Lost
16040,65,7,2416.90,Active,3,4,4,11,"Loyal Customers"
16041,30,3,3166.40,Active,3,3,4,10,"Loyal Customers"
16042,22,8,2265.12,Active,4,4,3,11,"Loyal Customers"
16043,37,8,1856.59,Active,3,4,3,10,"Loyal Customers"
16044,435,1,340.84,Churned,1,1,1,3,Lost
16045,119,8,3434.93,Churned,2,4,4,10,"At Risk"
16046,562,1,235.78,Churned,1,1,1,3,Lost
16047,682,1,107.14,Churned,1,1,1,3,Lost
16048,373,4,1075.23,Churned,2,3,3,8,"At Risk"
16049,40,6,1899.68,Active,3,3,3,9,"Loyal Customers"
16050,173,3,300.70,Churned,2,3,1,6,"At Risk"
16051,681,1,188.44,Churned,1,1,1,3,Lost
16052,54,1,362.06,Active,3,1,2,6,Others
16053,32,6,3634.84,Active,3,3,4,10,"Loyal Customers"
16054,145,4,2111.88,Churned,2,3,3,8,"At Risk"
16055,220,1,134.80,Churned,2,1,1,4,Lost
16056,45,1,664.85,Active,3,1,2,6,Others
16057,16,10,3854.85,Active,4,4,4,12,Champions
16058,406,1,62.70,Churned,1,1,1,3,Lost
16059,65,12,3217.77,Active,3,4,4,11,"Loyal Customers"
16060,400,3,541.95,Churned,1,3,2,6,"At Risk"
16061,431,1,89.65,Churned,1,1,1,3,Lost
16062,9,8,2863.45,Active,4,4,4,12,Champions
16063,260,1,335.32,Churned,2,1,1,4,Lost
16064,725,1,111.00,Churned,1,1,1,3,Lost
16065,365,8,2382.62,Churned,2,4,4,10,"At Risk"
16066,16,5,1521.87,Active,4,3,3,10,"Loyal Customers"
16067,562,3,3395.29,Churned,1,3,4,8,"At Risk"
16068,593,1,122.93,Churned,1,1,1,3,Lost
16069,417,1,457.70,Churned,1,1,2,4,Lost
16070,22,2,852.15,Active,4,2,2,8,"New Customers"
16071,44,4,1076.80,Active,3,3,3,9,"Loyal Customers"
16072,288,4,4328.89,Churned,2,3,4,9,"At Risk"
16073,297,1,122.40,Churned,2,1,1,4,Lost
16074,390,1,265.25,Churned,1,1,1,3,Lost
16075,502,2,736.93,Churned,1,2,2,5,Lost
16076,3,10,2234.73,Active,4,4,3,11,"Loyal Customers"
16077,625,1,2300.40,Churned,1,1,3,5,Others
16078,283,2,362.99,Churned,2,2,2,6,Lost
16079,16,3,1352.00,Active,4,3,3,10,"Loyal Customers"
16080,81,4,602.56,Active,3,3,2,8,"Loyal Customers"
16081,56,8,4460.18,Active,3,4,4,11,"Loyal Customers"
16082,670,1,106.75,Churned,1,1,1,3,Lost
16083,100,4,2351.42,Churned,2,3,4,9,"At Risk"
16084,299,1,436.18,Churned,2,1,2,5,Lost
16085,23,12,2343.53,Active,4,4,4,12,Champions
16086,59,10,2864.99,Active,3,4,4,11,"Loyal Customers"
16087,389,5,1739.92,Churned,1,3,3,7,"At Risk"
16088,575,2,1437.43,Churned,1,2,3,6,Others
16089,386,2,271.44,Churned,1,2,1,4,Lost
16090,624,1,205.91,Churned,1,1,1,3,Lost
16091,154,2,315.06,Churned,2,2,1,5,Lost
16092,114,6,1587.94,Churned,2,3,3,8,"At Risk"
16093,106,1,17.00,Churned,2,1,1,4,Lost
16094,11,11,3695.56,Active,4,4,4,12,Champions
16095,456,1,447.05,Churned,1,1,2,4,Lost
16096,264,4,1584.97,Churned,2,3,3,8,"At Risk"
16097,240,1,185.05,Churned,2,1,1,4,Lost
16098,87,14,4448.10,Active,3,4,4,11,"Loyal Customers"
16099,50,7,1573.20,Active,3,4,3,10,"Loyal Customers"
16100,462,1,582.64,Churned,1,1,2,4,Lost
16101,70,4,3229.16,Active,3,3,4,10,"Loyal Customers"
16102,42,3,1842.14,Active,3,3,3,9,"Loyal Customers"
16103,7,22,6191.71,Active,4,4,4,12,Champions
16104,61,9,2778.61,Active,3,4,4,11,"Loyal Customers"
16105,248,5,2386.19,Churned,2,3,4,9,"At Risk"
16106,65,1,108.38,Active,3,1,1,5,Others
16107,17,7,3204.16,Active,4,4,4,12,Champions
16108,84,4,2235.92,Active,3,3,3,9,"Loyal Customers"
16109,218,3,939.48,Churned,2,3,3,8,"At Risk"
16110,45,4,1819.27,Active,3,3,3,9,"Loyal Customers"
16111,428,1,562.48,Churned,1,1,2,4,Lost
16112,143,4,195.74,Churned,2,3,1,6,"At Risk"
16113,183,1,161.38,Churned,2,1,1,4,Lost
16114,170,1,135.75,Churned,2,1,1,4,Lost
16115,9,12,2575.14,Active,4,4,4,12,Champions
16116,211,1,612.78,Churned,2,1,2,5,Lost
16117,189,3,654.40,Churned,2,3,2,7,"At Risk"
16118,652,1,4376.25,Churned,1,1,4,6,Others
16119,8,8,1720.81,Active,4,4,3,11,"Loyal Customers"
16120,59,6,3056.91,Active,3,3,4,10,"Loyal Customers"
16121,57,5,1477.09,Active,3,3,3,9,"Loyal Customers"
16122,73,6,1001.34,Active,3,3,3,9,"Loyal Customers"
16123,51,1,307.78,Active,3,1,1,5,Others
16124,317,4,1772.49,Churned,2,3,3,8,"At Risk"
16125,367,14,4587.65,Churned,2,4,4,10,"At Risk"
16126,29,15,14646.80,Active,3,4,4,11,"Loyal Customers"
16127,39,2,801.31,Active,3,2,2,7,Others
16128,17,11,3801.05,Active,4,4,4,12,Champions
16129,407,3,1396.05,Churned,1,3,3,7,"At Risk"
16130,422,4,987.48,Churned,1,3,3,7,"At Risk"
16131,51,12,9957.42,Active,3,4,4,11,"Loyal Customers"
16132,544,2,664.20,Churned,1,2,2,5,Lost
16133,3,56,22992.26,Active,4,4,4,12,Champions
16134,21,5,2145.34,Active,4,3,3,10,"Loyal Customers"
16135,262,2,819.45,Churned,2,2,2,6,Lost
16136,59,4,946.80,Active,3,3,3,9,"Loyal Customers"
16137,680,1,422.70,Churned,1,1,2,4,Lost
16138,378,3,910.35,Churned,2,3,3,8,"At Risk"
16139,18,5,1111.15,Active,4,3,3,10,"Loyal Customers"
16140,65,3,1557.60,Active,3,3,3,9,"Loyal Customers"
16141,88,2,955.94,Active,3,2,3,8,Others
16142,249,1,535.34,Churned,2,1,2,5,Lost
16143,3,12,4910.83,Active,4,4,4,12,Champions
16144,246,1,175.20,Churned,2,1,1,4,Lost
16145,8,19,6805.44,Active,4,4,4,12,Champions
16146,157,4,946.38,Churned,2,3,3,8,"At Risk"
16147,133,5,2398.91,Churned,2,3,4,9,"At Risk"
16148,296,2,386.62,Churned,2,2,2,6,Lost
16149,4,3,422.22,Active,4,3,2,9,"Loyal Customers"
16150,42,10,4395.59,Active,3,4,4,11,"Loyal Customers"
16152,268,1,1829.04,Churned,2,1,3,6,Others
16153,49,11,5133.49,Active,3,4,4,11,"Loyal Customers"
16155,381,5,796.90,Churned,1,3,2,6,"At Risk"
16156,8,20,6218.18,Active,4,4,4,12,Champions
16157,15,3,656.69,Active,4,3,2,9,"Loyal Customers"
16158,522,9,628.32,Churned,1,4,2,7,"At Risk"
16159,281,4,1232.79,Churned,2,3,3,8,"At Risk"
16160,65,2,1025.44,Active,3,2,3,8,Others
16161,1,43,12831.80,Active,4,4,4,12,Champions
16162,252,1,37.40,Churned,2,1,1,4,Lost
16163,232,6,2849.58,Churned,2,3,4,9,"At Risk"
16164,17,3,822.48,Active,4,3,2,9,"Loyal Customers"
16165,505,1,79.90,Churned,1,1,1,3,Lost
16166,428,2,435.83,Churned,1,2,2,5,Lost
16167,414,5,1386.12,Churned,1,3,3,7,"At Risk"
16168,10,66,10636.47,Active,4,4,4,12,Champions
16169,8,4,1822.97,Active,4,3,3,10,"Loyal Customers"
16170,50,20,6869.00,Active,3,4,4,11,"Loyal Customers"
16171,59,1,73.20,Active,3,1,1,5,Others
16172,95,8,1884.55,Churned,2,4,3,9,"At Risk"
16173,15,6,1418.32,Active,4,3,3,10,"Loyal Customers"
16174,126,7,2246.75,Churned,2,4,3,9,"At Risk"
16175,94,7,1836.44,Churned,3,4,3,10,"Loyal Customers"
16176,421,4,2052.69,Churned,1,3,3,7,"At Risk"
16177,50,8,2247.31,Active,3,4,3,10,"Loyal Customers"
16178,138,2,612.60,Churned,2,2,2,6,Lost
16179,60,1,215.83,Active,3,1,1,5,Others
16180,100,13,16249.87,Churned,2,4,4,10,"At Risk"
16181,73,1,305.54,Active,3,1,1,5,Others
16182,72,9,9971.65,Active,3,4,4,11,"Loyal Customers"
16183,67,4,1077.81,Active,3,3,3,9,"Loyal Customers"
16184,64,6,1158.79,Active,3,3,3,9,"Loyal Customers"
16185,16,3,644.72,Active,4,3,2,9,"Loyal Customers"
16186,22,26,9026.11,Active,4,4,4,12,Champions
16187,31,15,6911.44,Active,3,4,4,11,"Loyal Customers"
16188,44,5,1087.66,Active,3,3,3,9,"Loyal Customers"
16189,15,2,215.48,Active,4,2,1,7,"New Customers"
16190,40,8,2723.55,Active,3,4,4,11,"Loyal Customers"
16191,2,24,15688.02,Active,4,4,4,12,Champions
16192,735,1,351.30,Churned,1,1,2,4,Lost
16193,236,2,630.43,Churned,2,2,2,6,Lost
16194,375,1,308.60,Churned,2,1,1,4,Lost
16195,723,1,323.25,Churned,1,1,1,3,Lost
16196,488,1,93.30,Churned,1,1,1,3,Lost
16197,469,9,2016.71,Churned,1,4,3,8,"At Risk"
16198,75,2,1030.04,Active,3,2,3,8,Others
16199,392,7,942.75,Churned,1,4,3,8,"At Risk"
16200,4,12,5643.45,Active,4,4,4,12,Champions
16201,3,5,2112.12,Active,4,3,3,10,"Loyal Customers"
16202,360,9,2501.99,Churned,2,4,4,10,"At Risk"
16203,58,6,1114.54,Active,3,3,3,9,"Loyal Customers"
16204,23,3,944.24,Active,4,3,3,10,"Loyal Customers"
16205,30,7,1830.61,Active,3,4,3,10,"Loyal Customers"
16206,54,13,2602.32,Active,3,4,4,11,"Loyal Customers"
16207,25,1,394.38,Active,4,1,2,7,"New Customers"
16208,44,10,3440.45,Active,3,4,4,11,"Loyal Customers"
16209,88,9,4146.78,Active,3,4,4,11,"Loyal Customers"
16210,1,35,38489.51,Active,4,4,4,12,Champions
16211,88,3,1090.59,Active,3,3,3,9,"Loyal Customers"
16212,19,4,1293.71,Active,4,3,3,10,"Loyal Customers"
16213,78,1,159.00,Active,3,1,1,5,Others
16214,170,4,2038.25,Churned,2,3,3,8,"At Risk"
16215,80,1,242.35,Active,3,1,1,5,Others
16216,267,1,914.93,Churned,2,1,3,6,Others
16217,235,2,304.25,Churned,2,2,1,5,Lost
16218,29,13,4439.97,Active,3,4,4,11,"Loyal Customers"
16219,500,1,40.80,Churned,1,1,1,3,Lost
16221,36,9,2235.51,Active,3,4,3,10,"Loyal Customers"
16222,318,2,1345.22,Churned,2,2,3,7,Others
16223,374,2,1102.35,Churned,2,2,3,7,Others
16224,57,5,1616.54,Active,3,3,3,9,"Loyal Customers"
16225,44,15,2867.41,Active,3,4,4,11,"Loyal Customers"
16226,203,5,672.17,Churned,2,3,2,7,"At Risk"
16227,225,3,1027.22,Churned,2,3,3,8,"At Risk"
16228,385,3,890.81,Churned,1,3,2,6,"At Risk"
16229,87,6,2867.86,Active,3,3,4,10,"Loyal Customers"
16230,189,2,542.03,Churned,2,2,2,6,Lost
16231,379,4,1078.22,Churned,2,3,3,8,"At Risk"
16232,43,7,2712.97,Active,3,4,4,11,"Loyal Customers"
16233,71,9,1965.71,Active,3,4,3,10,"Loyal Customers"
16234,476,3,333.18,Churned,1,3,1,5,"At Risk"
16235,40,9,2053.71,Active,3,4,3,10,"Loyal Customers"
16236,78,1,432.20,Active,3,1,2,6,Others
16237,437,1,136.65,Churned,1,1,1,3,Lost
16238,422,1,63.66,Churned,1,1,1,3,Lost
16239,56,6,1492.20,Active,3,3,3,9,"Loyal Customers"
16240,24,2,3718.80,Active,4,2,4,10,"New Customers"
16241,9,16,4329.31,Active,4,4,4,12,Champions
16242,8,14,7474.40,Active,4,4,4,12,Champions
16243,33,2,409.10,Active,3,2,2,7,Others
16244,211,2,2579.38,Churned,2,2,4,8,Others
16245,23,3,1413.66,Active,4,3,3,10,"Loyal Customers"
16246,459,2,827.25,Churned,1,2,2,5,Lost
16247,170,1,114.56,Churned,2,1,1,4,Lost
16248,61,1,152.94,Active,3,1,1,5,Others
16249,52,5,1800.07,Active,3,3,3,9,"Loyal Customers"
16250,261,3,791.38,Churned,2,3,2,7,"At Risk"
16251,512,1,128.31,Churned,1,1,1,3,Lost
16252,382,1,295.09,Churned,1,1,1,3,Lost
16253,66,7,7310.15,Active,3,4,4,11,"Loyal Customers"
16254,378,3,985.14,Churned,2,3,3,8,"At Risk"
16255,16,15,4906.80,Active,4,4,4,12,Champions
16256,266,3,1629.37,Churned,2,3,3,8,"At Risk"
16257,176,1,46.95,Churned,2,1,1,4,Lost
16258,45,15,11942.52,Active,3,4,4,11,"Loyal Customers"
16259,410,3,361.94,Churned,1,3,2,6,"At Risk"
16260,50,1,1035.45,Active,3,1,3,7,Others
16261,17,6,1059.45,Active,4,3,3,10,"Loyal Customers"
16262,378,1,755.15,Churned,2,1,2,5,Lost
16263,423,1,351.01,Churned,1,1,2,4,Lost
16264,438,2,837.53,Churned,1,2,2,5,Lost
16265,9,12,6935.17,Active,4,4,4,12,Champions
16266,73,14,1757.95,Active,3,4,3,10,"Loyal Customers"
16267,591,1,186.66,Churned,1,1,1,3,Lost
16268,71,2,667.65,Active,3,2,2,7,Others
16269,437,1,717.57,Churned,1,1,2,4,Lost
16270,353,1,1141.24,Churned,2,1,3,6,Others
16271,2,10,3463.02,Active,4,4,4,12,Champions
16272,116,1,411.70,Churned,2,1,2,5,Lost
16273,648,2,336.04,Churned,1,2,1,4,Lost
16274,373,1,715.90,Churned,2,1,2,5,Lost
16275,196,3,2151.11,Churned,2,3,3,8,"At Risk"
16276,176,3,2629.39,Churned,2,3,4,9,"At Risk"
16277,733,1,188.69,Churned,1,1,1,3,Lost
16278,100,3,1117.84,Churned,2,3,3,8,"At Risk"
16279,21,9,5705.08,Active,4,4,4,12,Champions
16280,725,1,238.05,Churned,1,1,1,3,Lost
16281,72,3,3424.02,Active,3,3,4,10,"Loyal Customers"
16282,339,3,1307.58,Churned,2,3,3,8,"At Risk"
16283,5,8,4403.82,Active,4,4,4,12,Champions
16284,31,3,1029.77,Active,3,3,3,9,"Loyal Customers"
16285,646,1,176.90,Churned,1,1,1,3,Lost
16286,477,2,328.95,Churned,1,2,1,4,Lost
16287,169,5,1006.98,Churned,2,3,3,8,"At Risk"
16288,470,1,129.85,Churned,1,1,1,3,Lost
16289,462,1,136.31,Churned,1,1,1,3,Lost
16290,464,4,2069.30,Churned,1,3,3,7,"At Risk"
16291,682,1,117.72,Churned,1,1,1,3,Lost
16292,121,5,1253.76,Churned,2,3,3,8,"At Risk"
16293,21,15,4657.95,Active,4,4,4,12,Champions
16294,476,1,126.05,Churned,1,1,1,3,Lost
16295,9,4,1328.55,Active,4,3,3,10,"Loyal Customers"
16296,626,4,1313.67,Churned,1,3,3,7,"At Risk"
16297,268,1,301.90,Churned,2,1,1,4,Lost
16298,22,7,1085.70,Active,4,4,3,11,"Loyal Customers"
16299,477,1,193.65,Churned,1,1,1,3,Lost
16300,430,3,1392.43,Churned,1,3,3,7,"At Risk"
16301,736,1,107.33,Churned,1,1,1,3,Lost
16302,126,1,233.22,Churned,2,1,1,4,Lost
16303,25,7,7928.27,Active,3,4,4,11,"Loyal Customers"
16304,694,1,381.66,Churned,1,1,2,4,Lost
16305,138,1,361.22,Churned,2,1,2,5,Lost
16306,213,7,1192.82,Churned,2,4,3,9,"At Risk"
16307,429,3,1194.92,Churned,1,3,3,7,"At Risk"
16308,37,7,5120.00,Active,3,4,4,11,"Loyal Customers"
16309,106,2,706.57,Churned,2,2,2,6,Lost
16310,414,2,460.08,Churned,1,2,2,5,Lost
16311,17,2,616.26,Active,4,2,2,8,"New Customers"
16312,432,1,171.15,Churned,1,1,1,3,Lost
16313,3,2,274.15,Active,4,2,1,7,"New Customers"
16314,389,3,1491.40,Churned,1,3,3,7,"At Risk"
16315,330,2,402.71,Churned,2,2,2,6,Lost
16316,64,13,5744.91,Active,3,4,4,11,"Loyal Customers"
16317,119,5,2192.51,Churned,2,3,3,8,"At Risk"
16318,35,1,328.15,Active,3,1,1,5,Others
16319,217,1,404.40,Churned,2,1,2,5,Lost
16320,172,6,5628.99,Churned,2,3,4,9,"At Risk"
16321,72,7,604.55,Active,3,4,2,9,"Loyal Customers"
16322,1,2,326.75,Active,4,2,1,7,"New Customers"
16323,196,2,353.66,Churned,2,2,2,6,Lost
16324,128,3,428.68,Churned,2,3,2,7,"At Risk"
16325,46,12,3597.50,Active,3,4,4,11,"Loyal Customers"
16326,5,24,4826.99,Active,4,4,4,12,Champions
16327,14,16,10731.34,Active,4,4,4,12,Champions
16328,563,1,310.83,Churned,1,1,1,3,Lost
16329,427,4,1703.07,Churned,1,3,3,7,"At Risk"
16330,17,7,634.33,Active,4,4,2,10,"Loyal Customers"
16331,432,6,2037.70,Churned,1,3,3,7,"At Risk"
16332,28,11,2010.41,Active,3,4,3,10,"Loyal Customers"
16333,7,22,26626.80,Active,4,4,4,12,Champions
16334,492,1,277.48,Churned,1,1,1,3,Lost
16335,551,7,2774.00,Churned,1,4,4,9,"At Risk"
16336,420,4,3517.69,Churned,1,3,4,8,"At Risk"
16337,36,1,151.05,Active,3,1,1,5,Others
16338,157,1,214.80,Churned,2,1,1,4,Lost
16339,284,1,109.95,Churned,2,1,1,4,Lost
16340,107,3,1526.06,Churned,2,3,3,8,"At Risk"
16341,24,7,3850.79,Active,4,4,4,12,Champions
16342,75,4,322.41,Active,3,3,1,7,"Loyal Customers"
16343,16,3,687.07,Active,4,3,2,9,"Loyal Customers"
16344,158,4,842.42,Churned,2,3,2,7,"At Risk"
16345,44,2,1198.74,Active,3,2,3,8,Others
16346,385,1,224.51,Churned,1,1,1,3,Lost
16347,11,11,3509.41,Active,4,4,4,12,Champions
16348,32,8,1798.22,Active,3,4,3,10,"Loyal Customers"
16349,290,1,53.50,Churned,2,1,1,4,Lost
16350,21,9,2253.89,Active,4,4,3,11,"Loyal Customers"
16351,332,13,3330.03,Churned,2,4,4,10,"At Risk"
16352,17,2,494.44,Active,4,2,2,8,"New Customers"
16353,3,38,9999.46,Active,4,4,4,12,Champions
16354,63,5,1129.51,Active,3,3,3,9,"Loyal Customers"
16355,375,1,416.35,Churned,2,1,2,5,Lost
16356,197,6,415.87,Churned,2,3,2,7,"At Risk"
16357,33,4,868.37,Active,3,3,2,8,"Loyal Customers"
16358,1,5,2919.65,Active,4,3,4,11,"Loyal Customers"
16359,7,16,2697.75,Active,4,4,4,12,Champions
16360,4,6,3512.53,Active,4,3,4,11,"Loyal Customers"
16361,9,4,896.66,Active,4,3,2,9,"Loyal Customers"
16362,32,6,946.94,Active,3,3,3,9,"Loyal Customers"
16363,53,1,109.36,Active,3,1,1,5,Others
16364,11,2,707.04,Active,4,2,2,8,"New Customers"
16365,17,15,3307.20,Active,4,4,4,12,Champions
16366,18,4,1548.13,Active,4,3,3,10,"Loyal Customers"
16367,37,3,1362.40,Active,3,3,3,9,"Loyal Customers"
16368,2,3,640.21,Active,4,3,2,9,"Loyal Customers"
16369,18,7,2664.81,Active,4,4,4,12,Champions
16370,82,4,1320.56,Active,3,3,3,9,"Loyal Customers"
16371,448,1,157.20,Churned,1,1,1,3,Lost
16372,33,5,1328.61,Active,3,3,3,9,"Loyal Customers"
16373,382,2,309.49,Churned,1,2,1,4,Lost
16374,66,5,1771.45,Active,3,3,3,9,"Loyal Customers"
16375,470,2,104.00,Churned,1,2,1,4,Lost
16376,8,2,987.01,Active,4,2,3,9,"New Customers"
16377,267,2,1308.48,Churned,2,2,3,7,Others
16378,247,3,362.95,Churned,2,3,2,7,"At Risk"
16379,4,4,2157.40,Active,4,3,3,10,"Loyal Customers"
16380,61,1,1780.59,Active,3,1,3,7,Others
16381,395,2,258.70,Churned,1,2,1,4,Lost
16382,408,2,353.10,Churned,1,2,2,5,Lost
16383,74,7,2974.84,Active,3,4,4,11,"Loyal Customers"
16384,89,4,1358.95,Active,3,3,3,9,"Loyal Customers"
16385,60,5,1030.61,Active,3,3,3,9,"Loyal Customers"
16386,28,3,1102.59,Active,3,3,3,9,"Loyal Customers"
16387,322,5,918.55,Churned,2,3,3,8,"At Risk"
16388,653,1,186.05,Churned,1,1,1,3,Lost
16389,53,4,1382.07,Active,3,3,3,9,"Loyal Customers"
16390,536,3,467.50,Churned,1,3,2,6,"At Risk"
16391,400,4,1103.61,Churned,1,3,3,7,"At Risk"
16392,269,3,763.05,Churned,2,3,2,7,"At Risk"
16393,2,23,5561.66,Active,4,4,4,12,Champions
16394,56,5,1555.34,Active,3,3,3,9,"Loyal Customers"
16395,60,14,3537.85,Active,3,4,4,11,"Loyal Customers"
16396,476,1,137.80,Churned,1,1,1,3,Lost
16397,628,1,127.88,Churned,1,1,1,3,Lost
16398,154,2,1705.80,Churned,2,2,3,7,Others
16399,19,3,641.82,Active,4,3,2,9,"Loyal Customers"
16400,94,9,3159.44,Churned,3,4,4,11,"Loyal Customers"
16401,1,23,6849.15,Active,4,4,4,12,Champions
16402,264,2,511.40,Churned,2,2,2,6,Lost
16403,312,1,177.50,Churned,2,1,1,4,Lost
16404,70,1,443.05,Active,3,1,2,6,Others
16405,302,2,167.25,Churned,2,2,1,5,Lost
16406,18,3,552.68,Active,4,3,2,9,"Loyal Customers"
16407,12,14,2821.65,Active,4,4,4,12,Champions
16408,591,1,231.93,Churned,1,1,1,3,Lost
16409,36,12,5709.04,Active,3,4,4,11,"Loyal Customers"
16410,734,1,130.32,Churned,1,1,1,3,Lost
16411,19,4,910.19,Active,4,3,3,10,"Loyal Customers"
16412,53,5,647.23,Active,3,3,2,8,"Loyal Customers"
16413,56,2,528.98,Active,3,2,2,7,Others
16414,21,5,559.71,Active,4,3,2,9,"Loyal Customers"
16415,44,3,719.44,Active,3,3,2,8,"Loyal Customers"
16416,26,9,2972.88,Active,3,4,4,11,"Loyal Customers"
16417,492,1,35.70,Churned,1,1,1,3,Lost
16418,44,5,1101.94,Active,3,3,3,9,"Loyal Customers"
16419,112,8,1487.42,Churned,2,4,3,9,"At Risk"
16420,396,1,75.00,Churned,1,1,1,3,Lost
16421,376,3,526.27,Churned,2,3,2,7,"At Risk"
16422,17,109,63651.47,Active,4,4,4,12,Champions
16423,24,1,346.12,Active,4,1,1,6,"New Customers"
16424,191,2,443.06,Churned,2,2,2,6,Lost
16425,302,1,302.70,Churned,2,1,1,4,Lost
16426,2,10,1908.25,Active,4,4,3,11,"Loyal Customers"
16427,263,2,241.06,Churned,2,2,1,5,Lost
16428,413,3,660.28,Churned,1,3,2,6,"At Risk"
16429,106,1,284.55,Churned,2,1,1,4,Lost
16430,57,7,1117.94,Active,3,4,3,10,"Loyal Customers"
16431,213,3,642.81,Churned,2,3,2,7,"At Risk"
16432,64,1,287.40,Active,3,1,1,5,Others
16433,28,2,384.52,Active,3,2,2,7,Others
16434,29,12,2741.74,Active,3,4,4,11,"Loyal Customers"
16435,512,3,1011.57,Churned,1,3,3,7,"At Risk"
16436,668,3,329.34,Churned,1,3,1,5,"At Risk"
16437,381,2,301.25,Churned,1,2,1,4,Lost
16438,5,5,798.35,Active,4,3,2,9,"Loyal Customers"
16439,722,1,310.70,Churned,1,1,1,3,Lost
16440,7,6,3856.97,Active,4,3,4,11,"Loyal Customers"
16441,67,5,1034.43,Active,3,3,3,9,"Loyal Customers"
16442,1,5,899.47,Active,4,3,3,10,"Loyal Customers"
16443,520,1,162.24,Churned,1,1,1,3,Lost
16444,46,17,3656.58,Active,3,4,4,11,"Loyal Customers"
16445,33,4,602.73,Active,3,3,2,8,"Loyal Customers"
16446,0,2,168472.50,Active,4,2,4,10,"New Customers"
16447,135,3,775.14,Churned,2,3,2,7,"At Risk"
16448,198,2,367.87,Churned,2,2,2,6,Lost
16449,197,2,707.69,Churned,2,2,2,6,Lost
16450,149,3,1505.73,Churned,2,3,3,8,"At Risk"
16451,87,3,1013.15,Active,3,3,3,9,"Loyal Customers"
16452,630,2,332.17,Churned,1,2,1,4,Lost
16453,530,2,251.71,Churned,1,2,1,4,Lost
16454,44,4,30.95,Active,3,3,1,7,"Loyal Customers"
16455,63,11,4384.37,Active,3,4,4,11,"Loyal Customers"
16456,99,13,6862.91,Churned,2,4,4,10,"At Risk"
16457,218,1,208.36,Churned,2,1,1,4,Lost
16458,2,30,5715.34,Active,4,4,4,12,Champions
16459,729,1,71.79,Churned,1,1,1,3,Lost
16460,28,3,814.72,Active,3,3,2,8,"Loyal Customers"
16461,177,3,1615.22,Churned,2,3,3,8,"At Risk"
16462,73,3,136.00,Active,3,3,1,7,"Loyal Customers"
16463,21,4,1422.40,Active,4,3,3,10,"Loyal Customers"
16464,19,3,1314.68,Active,4,3,3,10,"Loyal Customers"
16465,420,2,746.24,Churned,1,2,2,5,Lost
16466,33,15,3838.59,Active,3,4,4,11,"Loyal Customers"
16467,508,7,2869.16,Churned,1,4,4,9,"At Risk"
16468,74,3,787.52,Active,3,3,2,8,"Loyal Customers"
16469,23,5,828.91,Active,4,3,2,9,"Loyal Customers"
16470,51,11,2458.60,Active,3,4,4,11,"Loyal Customers"
16471,274,4,1189.98,Churned,2,3,3,8,"At Risk"
16472,434,2,789.60,Churned,1,2,2,5,Lost
16473,164,4,470.83,Churned,2,3,2,7,"At Risk"
16474,7,7,1871.50,Active,4,4,3,11,"Loyal Customers"
16475,88,4,544.30,Active,3,3,2,8,"Loyal Customers"
16476,431,1,350.35,Churned,1,1,2,4,Lost
16477,63,11,4320.02,Active,3,4,4,11,"Loyal Customers"
16478,25,3,331.00,Active,3,3,1,7,"Loyal Customers"
16479,10,2,300.83,Active,4,2,1,7,"New Customers"
16480,75,1,769.29,Active,3,1,2,6,Others
16481,682,1,453.38,Churned,1,1,2,4,Lost
16482,15,1,220.62,Active,4,1,1,6,"New Customers"
16483,192,1,139.35,Churned,2,1,1,4,Lost
16484,173,2,404.30,Churned,2,2,2,6,Lost
16485,77,5,2294.68,Active,3,3,3,9,"Loyal Customers"
16486,537,1,134.36,Churned,1,1,1,3,Lost
16487,577,2,209.40,Churned,1,2,1,4,Lost
16488,33,3,498.80,Active,3,3,2,8,"Loyal Customers"
16489,380,2,303.70,Churned,1,2,1,4,Lost
16490,436,1,205.41,Churned,1,1,1,3,Lost
16491,46,2,1533.16,Active,3,2,3,8,Others
16492,540,1,385.56,Churned,1,1,2,4,Lost
16493,79,7,2132.09,Active,3,4,3,10,"Loyal Customers"
16494,296,1,826.53,Churned,2,1,2,5,Lost
16495,3,3,684.41,Active,4,3,2,9,"Loyal Customers"
16496,8,6,2330.77,Active,4,3,4,11,"Loyal Customers"
16497,49,23,6695.28,Active,3,4,4,11,"Loyal Customers"
16498,161,2,100.97,Churned,2,2,1,5,Lost
16499,360,8,2578.34,Churned,2,4,4,10,"At Risk"
16500,4,9,843.91,Active,4,4,2,10,"Loyal Customers"
16501,383,1,1237.23,Churned,1,1,3,5,Others
16502,620,2,266.50,Churned,1,2,1,4,Lost
16503,106,11,3614.34,Churned,2,4,4,10,"At Risk"
16504,25,1,484.38,Active,3,1,2,6,Others
16505,31,1,777.60,Active,3,1,2,6,Others
16506,19,2,90.30,Active,4,2,1,7,"New Customers"
16507,572,1,152.76,Churned,1,1,1,3,Lost
16508,630,1,248.80,Churned,1,1,1,3,Lost
16509,296,1,363.70,Churned,2,1,2,5,Lost
16510,372,6,2100.00,Churned,2,3,3,8,"At Risk"
16511,21,6,1819.02,Active,4,3,3,10,"Loyal Customers"
16513,4,4,874.59,Active,4,3,2,9,"Loyal Customers"
16515,52,10,3216.30,Active,3,4,4,11,"Loyal Customers"
16516,30,1,101.70,Active,3,1,1,5,Others
16517,277,1,162.70,Churned,2,1,1,4,Lost
16518,61,4,959.37,Active,3,3,3,9,"Loyal Customers"
16519,25,4,556.26,Active,3,3,2,8,"Loyal Customers"
16520,186,6,2482.62,Churned,2,3,4,9,"At Risk"
16521,415,3,1148.01,Churned,1,3,3,7,"At Risk"
16522,435,2,433.36,Churned,1,2,2,5,Lost
16523,1,28,11916.33,Active,4,4,4,12,Champions
16524,446,2,308.14,Churned,1,2,1,4,Lost
16525,2,48,24582.64,Active,4,4,4,12,Champions
16526,171,2,717.21,Churned,2,2,2,6,Lost
16527,81,2,1272.44,Active,3,2,3,8,Others
16528,3,1,244.41,Active,4,1,1,6,"New Customers"
16529,190,4,2012.00,Churned,2,3,3,8,"At Risk"
16530,668,1,48.35,Churned,1,1,1,3,Lost
16531,22,11,2298.33,Active,4,4,3,11,"Loyal Customers"
16532,17,5,8756.64,Active,4,3,4,11,"Loyal Customers"
16533,19,3,1095.56,Active,4,3,3,10,"Loyal Customers"
16534,642,1,635.90,Churned,1,1,2,4,Lost
16535,5,3,1001.59,Active,4,3,3,10,"Loyal Customers"
16536,110,1,548.97,Churned,2,1,2,5,Lost
16537,641,1,23.35,Churned,1,1,1,3,Lost
16538,541,3,399.62,Churned,1,3,2,6,"At Risk"
16539,2,10,3732.01,Active,4,4,4,12,Champions
16540,414,1,226.70,Churned,1,1,1,3,Lost
16541,735,1,424.03,Churned,1,1,2,4,Lost
16542,53,2,257.32,Active,3,2,1,6,Others
16543,591,1,292.21,Churned,1,1,1,3,Lost
16544,519,4,376.70,Churned,1,3,2,6,"At Risk"
16545,164,2,689.82,Churned,2,2,2,6,Lost
16546,290,5,5606.47,Churned,2,3,4,9,"At Risk"
16547,546,1,111.71,Churned,1,1,1,3,Lost
16548,599,1,30.15,Churned,1,1,1,3,Lost
16549,10,34,13182.19,Active,4,4,4,12,Champions
16550,108,18,9435.13,Churned,2,4,4,10,"At Risk"
16551,95,7,2237.12,Churned,2,4,3,9,"At Risk"
16552,242,2,475.02,Churned,2,2,2,6,Lost
16553,163,33,16644.01,Churned,2,4,4,10,"At Risk"
16554,42,8,2841.72,Active,3,4,4,11,"Loyal Customers"
16555,35,6,1915.68,Active,3,3,3,9,"Loyal Customers"
16556,66,17,8012.58,Active,3,4,4,11,"Loyal Customers"
16557,24,2,281.85,Active,4,2,1,7,"New Customers"
16558,0,38,13873.51,Active,4,4,4,12,Champions
16559,397,1,185.20,Churned,1,1,1,3,Lost
16560,26,8,3048.38,Active,3,4,4,11,"Loyal Customers"
16561,5,2,511.12,Active,4,2,2,8,"New Customers"
16562,476,1,223.86,Churned,1,1,1,3,Lost
16563,53,6,4422.76,Active,3,3,4,10,"Loyal Customers"
16564,569,1,87.80,Churned,1,1,1,3,Lost
16565,364,4,773.05,Churned,2,3,2,7,"At Risk"
16566,15,5,614.66,Active,4,3,2,9,"Loyal Customers"
16567,194,2,865.60,Churned,2,2,2,6,Lost
16568,427,2,1020.90,Churned,1,2,3,6,Others
16569,3,5,1455.23,Active,4,3,3,10,"Loyal Customers"
16570,15,20,7434.31,Active,4,4,4,12,Champions
16571,26,10,4248.74,Active,3,4,4,11,"Loyal Customers"
16572,127,3,1009.60,Churned,2,3,3,8,"At Risk"
16573,84,2,663.61,Active,3,2,2,7,Others
16574,71,3,1301.78,Active,3,3,3,9,"Loyal Customers"
16576,420,2,540.87,Churned,1,2,2,5,Lost
16577,666,1,380.00,Churned,1,1,2,4,Lost
16578,626,1,156.60,Churned,1,1,1,3,Lost
16579,425,1,295.05,Churned,1,1,1,3,Lost
16581,182,1,105.84,Churned,2,1,1,4,Lost
16582,113,1,313.62,Churned,2,1,1,4,Lost
16583,373,2,531.40,Churned,2,2,2,6,Lost
16584,80,5,3163.67,Active,3,3,4,10,"Loyal Customers"
16585,593,2,341.59,Churned,1,2,1,4,Lost
16586,248,3,1462.78,Churned,2,3,3,8,"At Risk"
16587,232,1,225.15,Churned,2,1,1,4,Lost
16588,386,4,1361.28,Churned,1,3,3,7,"At Risk"
16589,71,4,612.36,Active,3,3,2,8,"Loyal Customers"
16590,400,2,605.90,Churned,1,2,2,5,Lost
16591,68,1,213.50,Active,3,1,1,5,Others
16592,4,28,7807.91,Active,4,4,4,12,Champions
16593,50,8,1071.14,Active,3,4,3,10,"Loyal Customers"
16594,75,1,181.09,Active,3,1,1,5,Others
16595,61,5,1810.18,Active,3,3,3,9,"Loyal Customers"
16596,15,4,579.63,Active,4,3,2,9,"Loyal Customers"
16597,4,1,90.04,Active,4,1,1,6,"New Customers"
16598,285,1,145.05,Churned,2,1,1,4,Lost
16599,385,1,172.80,Churned,1,1,1,3,Lost
16600,4,13,2153.41,Active,4,4,3,11,"Loyal Customers"
16601,40,3,684.25,Active,3,3,2,8,"Loyal Customers"
16602,36,2,763.33,Active,3,2,2,7,Others
16603,74,2,482.47,Active,3,2,2,7,Others
16604,562,2,432.45,Churned,1,2,2,5,Lost
16605,724,1,60.48,Churned,1,1,1,3,Lost
16606,404,2,357.66,Churned,1,2,2,5,Lost
16607,17,25,5706.87,Active,4,4,4,12,Champions
16608,453,2,1288.72,Churned,1,2,3,6,Others
16609,15,7,5493.46,Active,4,4,4,12,Champions
16610,219,1,75.66,Churned,2,1,1,4,Lost
16611,186,6,1785.13,Churned,2,3,3,8,"At Risk"
16612,32,9,3245.43,Active,3,4,4,11,"Loyal Customers"
16613,70,1,618.59,Active,3,1,2,6,Others
16614,182,3,1179.79,Churned,2,3,3,8,"At Risk"
16615,626,1,291.50,Churned,1,1,1,3,Lost
16616,15,2,500.42,Active,4,2,2,8,"New Customers"
16617,235,1,151.85,Churned,2,1,1,4,Lost
16618,31,5,2647.59,Active,3,3,4,10,"Loyal Customers"
16619,263,4,1938.33,Churned,2,3,3,8,"At Risk"
16620,3,6,1758.93,Active,4,3,3,10,"Loyal Customers"
16621,51,4,813.48,Active,3,3,2,8,"Loyal Customers"
16622,543,1,225.40,Churned,1,1,1,3,Lost
16623,245,4,1015.24,Churned,2,3,3,8,"At Risk"
16624,80,2,810.57,Active,3,2,2,7,Others
16625,274,5,1654.03,Churned,2,3,3,8,"At Risk"
16626,0,17,4413.10,Active,4,4,4,12,Champions
16627,79,1,322.80,Active,3,1,1,5,Others
16628,29,7,2318.10,Active,3,4,4,11,"Loyal Customers"
16629,73,2,417.73,Active,3,2,2,7,Others
16630,407,1,106.80,Churned,1,1,1,3,Lost
16631,481,7,1892.52,Churned,1,4,3,8,"At Risk"
16632,485,2,406.40,Churned,1,2,2,5,Lost
16633,17,6,2883.10,Active,4,3,4,11,"Loyal Customers"
16634,222,6,1814.61,Churned,2,3,3,8,"At Risk"
16635,406,1,473.00,Churned,1,1,2,4,Lost
16636,438,4,3802.04,Churned,1,3,4,8,"At Risk"
16637,32,4,1154.47,Active,3,3,3,9,"Loyal Customers"
16638,22,15,2430.53,Active,4,4,4,12,Champions
16639,31,4,1747.98,Active,3,3,3,9,"Loyal Customers"
16640,397,1,179.40,Churned,1,1,1,3,Lost
16641,105,2,554.50,Churned,2,2,2,6,Lost
16642,4,3,1077.45,Active,4,3,3,10,"Loyal Customers"
16643,245,2,923.11,Churned,2,2,3,7,Others
16644,177,2,833.78,Churned,2,2,2,6,Lost
16645,735,1,160.39,Churned,1,1,1,3,Lost
16646,449,1,678.80,Churned,1,1,2,4,Lost
16647,169,4,541.90,Churned,2,3,2,7,"At Risk"
16648,42,3,672.80,Active,3,3,2,8,"Loyal Customers"
16649,520,1,306.58,Churned,1,1,1,3,Lost
16650,71,7,1916.11,Active,3,4,3,10,"Loyal Customers"
16651,586,1,136.20,Churned,1,1,1,3,Lost
16652,58,16,17550.39,Active,3,4,4,11,"Loyal Customers"
16653,16,2,1212.66,Active,4,2,3,9,"New Customers"
16654,141,8,1711.47,Churned,2,4,3,9,"At Risk"
16655,17,13,6548.37,Active,4,4,4,12,Champions
16656,22,30,16833.17,Active,4,4,4,12,Champions
16657,9,4,933.62,Active,4,3,3,10,"Loyal Customers"
16658,368,6,814.07,Churned,2,3,2,7,"At Risk"
16659,189,1,39.12,Churned,2,1,1,4,Lost
16660,16,7,1879.55,Active,4,4,3,11,"Loyal Customers"
16661,540,4,986.63,Churned,1,3,3,7,"At Risk"
16662,394,1,163.80,Churned,1,1,1,3,Lost
16663,729,1,165.00,Churned,1,1,1,3,Lost
16664,569,1,109.20,Churned,1,1,1,3,Lost
16665,362,1,135.40,Churned,2,1,1,4,Lost
16666,19,2,225.94,Active,4,2,1,7,"New Customers"
16667,68,2,570.13,Active,3,2,2,7,Others
16668,15,13,862.42,Active,4,4,2,10,"Loyal Customers"
16669,23,3,1374.87,Active,4,3,3,10,"Loyal Customers"
16670,16,20,8030.15,Active,4,4,4,12,Champions
16671,28,3,1692.27,Active,3,3,3,9,"Loyal Customers"
16672,2,20,8134.94,Active,4,4,4,12,Champions
16673,679,1,188.83,Churned,1,1,1,3,Lost
16674,54,2,319.61,Active,3,2,1,6,Others
16675,441,2,608.86,Churned,1,2,2,5,Lost
16676,33,6,2361.90,Active,3,3,4,10,"Loyal Customers"
16677,411,2,880.62,Churned,1,2,2,5,Lost
16678,2,12,3109.99,Active,4,4,4,12,Champions
16679,366,3,793.06,Churned,2,3,2,7,"At Risk"
16680,43,3,821.45,Active,3,3,2,8,"Loyal Customers"
16681,72,7,1921.84,Active,3,4,3,10,"Loyal Customers"
16682,4,5,1028.00,Active,4,3,3,10,"Loyal Customers"
16683,533,1,320.25,Churned,1,1,1,3,Lost
16684,4,55,147142.77,Active,4,4,4,12,Champions
16685,61,2,324.24,Active,3,2,1,6,Others
16686,47,16,5070.92,Active,3,4,4,11,"Loyal Customers"
16687,390,1,157.63,Churned,1,1,1,3,Lost
16688,1,4,1260.86,Active,4,3,3,10,"Loyal Customers"
16689,75,2,422.60,Active,3,2,2,7,Others
16690,72,4,353.03,Active,3,3,2,8,"Loyal Customers"
16691,418,2,178.83,Churned,1,2,1,4,Lost
16692,256,4,1914.70,Churned,2,3,3,8,"At Risk"
16693,68,5,1199.46,Active,3,3,3,9,"Loyal Customers"
16694,723,1,98.30,Churned,1,1,1,3,Lost
16695,561,2,193.15,Churned,1,2,1,4,Lost
16696,135,4,657.90,Churned,2,3,2,7,"At Risk"
16697,241,1,112.75,Churned,2,1,1,4,Lost
16698,226,2,1998.00,Churned,2,2,3,7,Others
16699,380,7,994.60,Churned,1,4,3,8,"At Risk"
16700,8,25,9167.71,Active,4,4,4,12,Champions
16701,8,26,9916.73,Active,4,4,4,12,Champions
16702,415,4,1110.83,Churned,1,3,3,7,"At Risk"
16704,618,2,695.66,Churned,1,2,2,5,Lost
16705,0,42,43515.05,Active,4,4,4,12,Champions
16706,37,3,531.35,Active,3,3,2,8,"Loyal Customers"
16707,400,4,551.11,Churned,1,3,2,6,"At Risk"
16708,45,1,656.63,Active,3,1,2,6,Others
16709,84,14,9087.46,Active,3,4,4,11,"Loyal Customers"
16710,19,22,6349.09,Active,4,4,4,12,Champions
16711,3,9,2868.48,Active,4,4,4,12,Champions
16712,9,13,4266.99,Active,4,4,4,12,Champions
16713,18,32,14560.69,Active,4,4,4,12,Champions
16714,218,4,1529.80,Churned,2,3,3,8,"At Risk"
16715,78,2,625.52,Active,3,2,2,7,Others
16716,266,3,2149.68,Churned,2,3,3,8,"At Risk"
16717,23,14,6986.23,Active,4,4,4,12,Champions
16718,369,5,3647.53,Churned,2,3,4,9,"At Risk"
16719,14,14,3973.30,Active,4,4,4,12,Champions
16720,26,3,795.48,Active,3,3,2,8,"Loyal Customers"
16721,262,1,292.47,Churned,2,1,1,4,Lost
16722,17,22,8989.08,Active,4,4,4,12,Champions
16723,91,4,1301.63,Churned,3,3,3,9,"Loyal Customers"
16724,404,1,147.35,Churned,1,1,1,3,Lost
16725,302,14,1882.11,Churned,2,4,3,9,"At Risk"
16726,26,7,2088.41,Active,3,4,3,10,"Loyal Customers"
16727,364,4,1437.42,Churned,2,3,3,8,"At Risk"
16728,46,4,1054.67,Active,3,3,3,9,"Loyal Customers"
16729,38,21,7239.92,Active,3,4,4,11,"Loyal Customers"
16730,52,3,743.11,Active,3,3,2,8,"Loyal Customers"
16731,648,1,174.05,Churned,1,1,1,3,Lost
16732,31,4,4387.64,Active,3,3,4,10,"Loyal Customers"
16733,529,1,259.68,Churned,1,1,1,3,Lost
16734,52,3,650.51,Active,3,3,2,8,"Loyal Customers"
16735,78,14,6270.56,Active,3,4,4,11,"Loyal Customers"
16736,505,5,2956.56,Churned,1,3,4,8,"At Risk"
16737,53,2,835.20,Active,3,2,2,7,Others
16738,297,1,3.75,Churned,2,1,1,4,Lost
16739,176,2,786.43,Churned,2,2,2,6,Lost
16740,395,1,236.81,Churned,1,1,1,3,Lost
16741,625,1,173.06,Churned,1,1,1,3,Lost
16742,46,14,2852.61,Active,3,4,4,11,"Loyal Customers"
16743,29,14,4253.26,Active,3,4,4,11,"Loyal Customers"
16744,11,7,1304.76,Active,4,4,3,11,"Loyal Customers"
16745,86,17,7194.30,Active,3,4,4,11,"Loyal Customers"
16746,4,42,18066.40,Active,4,4,4,12,Champions
16747,37,2,836.06,Active,3,2,2,7,Others
16748,17,14,3637.33,Active,4,4,4,12,Champions
16749,591,2,4387.08,Churned,1,2,4,7,Others
16750,44,5,623.93,Active,3,3,2,8,"Loyal Customers"
16751,30,1,1764.72,Active,3,1,3,7,Others
16752,372,1,415.00,Churned,2,1,2,5,Lost
16753,58,1,223.92,Active,3,1,1,5,Others
16754,372,29,67502.47,Churned,2,4,4,10,"At Risk"
16755,114,7,2900.58,Churned,2,4,4,10,"At Risk"
16756,214,7,1312.37,Churned,2,4,3,9,"At Risk"
16757,318,2,270.48,Churned,2,2,1,5,Lost
16758,65,1,369.34,Active,3,1,2,6,Others
16759,7,3,789.79,Active,4,3,2,9,"Loyal Customers"
16760,430,1,228.00,Churned,1,1,1,3,Lost
16761,96,1,316.62,Churned,2,1,1,4,Lost
16762,19,3,1501.38,Active,4,3,3,10,"Loyal Customers"
16763,198,2,964.70,Churned,2,2,3,7,Others
16764,3,13,2799.25,Active,4,4,4,12,Champions
16765,294,2,454.75,Churned,2,2,2,6,Lost
16766,273,2,1145.60,Churned,2,2,3,7,Others
16767,30,15,8073.80,Active,3,4,4,11,"Loyal Customers"
16768,47,9,1708.12,Active,3,4,3,10,"Loyal Customers"
16769,260,4,1141.75,Churned,2,3,3,8,"At Risk"
16770,57,9,1932.13,Active,3,4,3,10,"Loyal Customers"
16771,33,10,3967.60,Active,3,4,4,11,"Loyal Customers"
16772,423,3,3723.55,Churned,1,3,4,8,"At Risk"
16773,57,3,421.24,Active,3,3,2,8,"Loyal Customers"
16774,67,8,1594.45,Active,3,4,3,10,"Loyal Customers"
16775,10,16,3056.89,Active,4,4,4,12,Champions
16776,60,2,619.85,Active,3,2,2,7,Others
16777,80,5,1307.76,Active,3,3,3,9,"Loyal Customers"
16778,74,2,245.94,Active,3,2,1,6,Others
16779,2,53,33268.24,Active,4,4,4,12,Champions
16780,100,3,605.55,Churned,2,3,2,7,"At Risk"
16781,372,2,934.25,Churned,2,2,3,7,Others
16782,10,38,10438.41,Active,4,4,4,12,Champions
16783,436,1,391.95,Churned,1,1,2,4,Lost
16784,19,5,896.53,Active,4,3,2,9,"Loyal Customers"
16785,409,1,533.78,Churned,1,1,2,4,Lost
16786,393,1,51.84,Churned,1,1,1,3,Lost
16787,397,4,1035.43,Churned,1,3,3,7,"At Risk"
16788,123,5,1950.30,Churned,2,3,3,8,"At Risk"
16789,8,1,80.80,Active,4,1,1,6,"New Customers"
16790,3,6,1545.62,Active,4,3,3,10,"Loyal Customers"
16791,29,15,4038.69,Active,3,4,4,11,"Loyal Customers"
16792,282,5,623.46,Churned,2,3,2,7,"At Risk"
16793,57,1,243.84,Active,3,1,1,5,Others
16794,1,15,2090.91,Active,4,4,3,11,"Loyal Customers"
16795,365,3,2492.39,Churned,2,3,4,9,"At Risk"
16796,89,1,305.62,Active,3,1,1,5,Others
16797,393,5,1827.77,Churned,1,3,3,7,"At Risk"
16798,554,3,848.71,Churned,1,3,2,6,"At Risk"
16799,432,2,495.98,Churned,1,2,2,5,Lost
16800,11,1,1201.49,Active,4,1,3,8,"New Customers"
16801,163,4,1619.73,Churned,2,3,3,8,"At Risk"
16802,679,2,582.61,Churned,1,2,2,5,Lost
16803,65,1,332.30,Active,3,1,1,5,Others
16804,23,3,536.99,Active,4,3,2,9,"Loyal Customers"
16805,173,5,1097.24,Churned,2,3,3,8,"At Risk"
16806,103,4,801.49,Churned,2,3,2,7,"At Risk"
16807,142,6,2123.88,Churned,2,3,3,8,"At Risk"
16808,99,2,288.42,Churned,2,2,1,5,Lost
16809,23,9,1727.43,Active,4,4,3,11,"Loyal Customers"
16810,192,2,842.04,Churned,2,2,2,6,Lost
16811,4,2,547.07,Active,4,2,2,8,"New Customers"
16812,360,4,2392.00,Churned,2,3,4,9,"At Risk"
16813,8,10,1692.98,Active,4,4,3,11,"Loyal Customers"
16814,14,36,12499.71,Active,4,4,4,12,Champions
16815,453,2,410.97,Churned,1,2,2,5,Lost
16816,103,4,417.06,Churned,2,3,2,7,"At Risk"
16817,2,13,2804.90,Active,4,4,4,12,Champions
16818,10,11,3349.57,Active,4,4,4,12,Champions
16819,465,2,182.59,Churned,1,2,1,4,Lost
16820,95,1,497.61,Churned,2,1,2,5,Lost
16821,381,1,113.35,Churned,1,1,1,3,Lost
16822,686,1,181.39,Churned,1,1,1,3,Lost
16823,227,7,2260.09,Churned,2,4,3,9,"At Risk"
16824,15,3,686.24,Active,4,3,2,9,"Loyal Customers"
16825,38,5,1826.89,Active,3,3,3,9,"Loyal Customers"
16826,51,1,341.70,Active,3,1,1,5,Others
16827,393,5,392.13,Churned,1,3,2,6,"At Risk"
16828,93,2,128.50,Churned,3,2,1,6,Others
16829,156,2,513.32,Churned,2,2,2,6,Lost
16830,38,4,1207.50,Active,3,3,3,9,"Loyal Customers"
16831,564,1,91.80,Churned,1,1,1,3,Lost
16832,184,5,417.61,Churned,2,3,2,7,"At Risk"
16833,1,6,2409.04,Active,4,3,4,11,"Loyal Customers"
16834,227,2,898.96,Churned,2,2,2,6,Lost
16835,128,6,1538.41,Churned,2,3,3,8,"At Risk"
16836,39,4,782.37,Active,3,3,2,8,"Loyal Customers"
16837,31,11,3170.98,Active,3,4,4,11,"Loyal Customers"
16838,197,4,1159.61,Churned,2,3,3,8,"At Risk"
16839,8,44,22310.49,Active,4,4,4,12,Champions
16840,603,2,139.85,Churned,1,2,1,4,Lost
16841,36,12,4006.06,Active,3,4,4,11,"Loyal Customers"
16842,100,3,1264.19,Churned,2,3,3,8,"At Risk"
16843,42,35,19571.43,Active,3,4,4,11,"Loyal Customers"
16844,562,2,614.34,Churned,1,2,2,5,Lost
16845,618,1,253.88,Churned,1,1,1,3,Lost
16846,50,3,842.41,Active,3,3,2,8,"Loyal Customers"
16847,43,2,614.89,Active,3,2,2,7,Others
16848,52,4,1411.62,Active,3,3,3,9,"Loyal Customers"
16849,186,1,124.57,Churned,2,1,1,4,Lost
16850,333,1,332.41,Churned,2,1,1,4,Lost
16851,4,3,342.45,Active,4,3,1,8,"Loyal Customers"
16852,10,2,144.91,Active,4,2,1,7,"New Customers"
16854,417,2,1408.96,Churned,1,2,3,6,Others
16855,23,2,328.40,Active,4,2,1,7,"New Customers"
16856,14,3,358.49,Active,4,3,2,9,"Loyal Customers"
16857,442,1,352.80,Churned,1,1,2,4,Lost
16858,368,10,4668.28,Churned,2,4,4,10,"At Risk"
16859,144,7,1932.41,Churned,2,4,3,9,"At Risk"
16860,452,3,1610.62,Churned,1,3,3,7,"At Risk"
16861,59,5,946.59,Active,3,3,3,9,"Loyal Customers"
16862,547,4,662.33,Churned,1,3,2,6,"At Risk"
16863,31,3,998.52,Active,3,3,3,9,"Loyal Customers"
16864,434,2,409.25,Churned,1,2,2,5,Lost
16865,401,1,130.95,Churned,1,1,1,3,Lost
16866,140,3,207.74,Churned,2,3,1,6,"At Risk"
16867,689,1,76.74,Churned,1,1,1,3,Lost
16868,394,3,393.39,Churned,1,3,2,6,"At Risk"
16869,22,4,825.42,Active,4,3,2,9,"Loyal Customers"
16870,469,1,450.16,Churned,1,1,2,4,Lost
16871,22,6,2812.34,Active,4,3,4,11,"Loyal Customers"
16872,77,6,1213.13,Active,3,3,3,9,"Loyal Customers"
16873,4,12,14617.39,Active,4,4,4,12,Champions
16874,379,1,217.74,Churned,2,1,1,4,Lost
16875,67,11,4234.53,Active,3,4,4,11,"Loyal Customers"
16876,403,1,136.01,Churned,1,1,1,3,Lost
16877,12,6,853.72,Active,4,3,2,9,"Loyal Customers"
16878,84,1,13.30,Active,3,1,1,5,Others
16880,30,8,1840.86,Active,3,4,3,10,"Loyal Customers"
16881,66,1,432.00,Active,3,1,2,6,Others
16882,66,3,705.12,Active,3,3,2,8,"Loyal Customers"
16883,187,19,2396.59,Churned,2,4,4,10,"At Risk"
16884,37,4,1073.92,Active,3,3,3,9,"Loyal Customers"
16885,15,4,710.74,Active,4,3,2,9,"Loyal Customers"
16886,456,1,134.00,Churned,1,1,1,3,Lost
16887,35,3,660.72,Active,3,3,2,8,"Loyal Customers"
16888,400,3,437.15,Churned,1,3,2,6,"At Risk"
16889,194,6,2530.90,Churned,2,3,4,9,"At Risk"
16890,476,3,285.41,Churned,1,3,1,5,"At Risk"
16891,1,11,2056.82,Active,4,4,3,11,"Loyal Customers"
16892,1,7,762.10,Active,4,4,2,10,"Loyal Customers"
16893,366,2,401.77,Churned,2,2,2,6,Lost
16894,502,3,1324.06,Churned,1,3,3,7,"At Risk"
16895,64,5,1121.42,Active,3,3,3,9,"Loyal Customers"
16896,555,1,103.95,Churned,1,1,1,3,Lost
16897,299,2,289.78,Churned,2,2,1,5,Lost
16898,26,5,1016.37,Active,3,3,3,9,"Loyal Customers"
16899,7,8,1721.02,Active,4,4,3,11,"Loyal Customers"
16900,16,3,887.11,Active,4,3,2,9,"Loyal Customers"
16901,729,1,204.26,Churned,1,1,1,3,Lost
16902,116,1,1706.88,Churned,2,1,3,6,Others
16903,29,3,1062.28,Active,3,3,3,9,"Loyal Customers"
16904,4,21,5132.37,Active,4,4,4,12,Champions
16905,5,17,5034.15,Active,4,4,4,12,Champions
16906,81,7,1448.80,Active,3,4,3,10,"Loyal Customers"
16907,29,9,1707.90,Active,3,4,3,10,"Loyal Customers"
16908,722,1,252.59,Churned,1,1,1,3,Lost
16909,72,1,379.14,Active,3,1,2,6,Others
16910,4,8,1510.06,Active,4,4,3,11,"Loyal Customers"
16911,635,2,255.25,Churned,1,2,1,4,Lost
16912,28,15,4480.31,Active,3,4,4,11,"Loyal Customers"
16913,290,3,423.91,Churned,2,3,2,7,"At Risk"
16914,36,1,208.46,Active,3,1,1,5,Others
16915,9,11,1543.18,Active,4,4,3,11,"Loyal Customers"
16916,23,4,1123.40,Active,4,3,3,10,"Loyal Customers"
16917,276,2,1857.83,Churned,2,2,3,7,Others
16918,49,16,3213.29,Active,3,4,4,11,"Loyal Customers"
16919,156,24,5125.91,Churned,2,4,4,10,"At Risk"
16920,411,1,355.45,Churned,1,1,2,4,Lost
16921,61,3,446.67,Active,3,3,2,8,"Loyal Customers"
16922,572,1,611.08,Churned,1,1,2,4,Lost
16923,12,32,13378.36,Active,4,4,4,12,Champions
16924,21,3,846.75,Active,4,3,2,9,"Loyal Customers"
16925,540,1,125.65,Churned,1,1,1,3,Lost
16926,371,5,1421.35,Churned,2,3,3,8,"At Risk"
16927,115,3,543.05,Churned,2,3,2,7,"At Risk"
16928,80,29,4113.23,Active,3,4,4,11,"Loyal Customers"
16929,3,7,1295.39,Active,4,4,3,11,"Loyal Customers"
16930,26,3,380.55,Active,3,3,2,8,"Loyal Customers"
16931,5,23,5233.62,Active,4,4,4,12,Champions
16932,53,3,440.71,Active,3,3,2,8,"Loyal Customers"
16933,1,9,3181.25,Active,4,4,4,12,Champions
16934,54,6,2110.99,Active,3,3,3,9,"Loyal Customers"
16935,381,3,535.10,Churned,1,3,2,6,"At Risk"
16936,25,2,551.17,Active,3,2,2,7,Others
16937,499,1,202.10,Churned,1,1,1,3,Lost
16938,8,9,7043.18,Active,4,4,4,12,Champions
16939,488,3,449.00,Churned,1,3,2,6,"At Risk"
16940,52,8,6427.66,Active,3,4,4,11,"Loyal Customers"
16941,611,1,33.00,Churned,1,1,1,3,Lost
16942,12,9,1920.59,Active,4,4,3,11,"Loyal Customers"
16943,211,5,1299.49,Churned,2,3,3,8,"At Risk"
16944,609,1,101.36,Churned,1,1,1,3,Lost
16945,21,33,8548.16,Active,4,4,4,12,Champions
16946,383,5,1222.04,Churned,1,3,3,7,"At Risk"
16947,235,5,955.21,Churned,2,3,3,8,"At Risk"
16948,138,7,868.77,Churned,2,4,2,8,"At Risk"
16949,3,6,1286.27,Active,4,3,3,10,"Loyal Customers"
16950,56,10,3784.37,Active,3,4,4,11,"Loyal Customers"
16951,134,3,1277.75,Churned,2,3,3,8,"At Risk"
16952,109,5,798.78,Churned,2,3,2,7,"At Risk"
16953,30,1,20.80,Active,3,1,1,5,Others
16954,0,20,6081.88,Active,4,4,4,12,Champions
16955,184,6,1309.41,Churned,2,3,3,8,"At Risk"
16956,17,1,308.74,Active,4,1,1,6,"New Customers"
16957,239,2,416.64,Churned,2,2,2,6,Lost
16958,435,1,809.44,Churned,1,1,2,4,Lost
16959,87,1,117.35,Active,3,1,1,5,Others
16960,38,8,2043.43,Active,3,4,3,10,"Loyal Customers"
16961,116,3,794.56,Churned,2,3,2,7,"At Risk"
16962,409,1,251.04,Churned,1,1,1,3,Lost
16963,187,1,110.55,Churned,2,1,1,4,Lost
16964,733,2,207.85,Churned,1,2,1,4,Lost
16965,226,1,201.19,Churned,2,1,1,4,Lost
16966,8,7,2154.97,Active,4,4,3,11,"Loyal Customers"
16967,189,1,319.02,Churned,2,1,1,4,Lost
16968,4,2,439.43,Active,4,2,2,8,"New Customers"
16969,39,3,650.41,Active,3,3,2,8,"Loyal Customers"
16970,626,1,71.40,Churned,1,1,1,3,Lost
16971,38,1,357.21,Active,3,1,2,6,Others
16972,382,2,786.25,Churned,1,2,2,5,Lost
16973,386,1,127.00,Churned,1,1,1,3,Lost
16974,522,2,365.50,Churned,1,2,2,5,Lost
16975,423,3,926.12,Churned,1,3,3,7,"At Risk"
16976,267,1,251.52,Churned,2,1,1,4,Lost
16977,395,4,496.00,Churned,1,3,2,6,"At Risk"
16978,77,3,768.88,Active,3,3,2,8,"Loyal Customers"
16979,3,9,2859.74,Active,4,4,4,12,Champions
16980,255,3,1473.33,Churned,2,3,3,8,"At Risk"
16982,60,1,384.06,Active,3,1,2,6,Others
16983,12,11,3710.22,Active,4,4,4,12,Champions
16984,88,9,10754.80,Active,3,4,4,11,"Loyal Customers"
16985,17,23,10923.16,Active,4,4,4,12,Champions
16986,29,11,4888.75,Active,3,4,4,11,"Loyal Customers"
16987,3,11,2535.90,Active,4,4,4,12,Champions
16988,5,2,382.67,Active,4,2,2,8,"New Customers"
16989,7,6,1133.25,Active,4,3,3,10,"Loyal Customers"
16990,218,2,344.00,Churned,2,2,1,5,Lost
16991,421,1,1041.21,Churned,1,1,3,5,Others
16992,10,13,5476.50,Active,4,4,4,12,Champions
16993,463,2,1950.95,Churned,1,2,3,6,Others
16996,30,9,2123.61,Active,3,4,3,10,"Loyal Customers"
16997,288,3,702.00,Churned,2,3,2,7,"At Risk"
16998,149,5,402.00,Churned,2,3,2,7,"At Risk"
16999,23,2,484.82,Active,4,2,2,8,"New Customers"
17000,396,2,406.30,Churned,1,2,2,5,Lost
17001,0,19,6640.80,Active,4,4,4,12,Champions
17002,85,7,2571.55,Active,3,4,4,11,"Loyal Customers"
17003,402,4,830.16,Churned,1,3,2,6,"At Risk"
17004,46,4,2425.16,Active,3,3,4,10,"Loyal Customers"
17005,470,2,742.36,Churned,1,2,2,5,Lost
17006,4,8,1636.32,Active,4,4,3,11,"Loyal Customers"
17007,50,7,1120.10,Active,3,4,3,10,"Loyal Customers"
17008,429,1,81.36,Churned,1,1,1,3,Lost
17009,551,1,242.06,Churned,1,1,1,3,Lost
17010,18,1,195.36,Active,4,1,1,6,"New Customers"
17011,30,3,671.70,Active,3,3,2,8,"Loyal Customers"
17012,725,1,384.16,Churned,1,1,2,4,Lost
17014,8,3,586.33,Active,4,3,2,9,"Loyal Customers"
17015,28,3,1842.56,Active,3,3,3,9,"Loyal Customers"
17016,576,1,552.40,Churned,1,1,2,4,Lost
17017,2,29,14110.61,Active,4,4,4,12,Champions
17018,40,6,2287.70,Active,3,3,3,9,"Loyal Customers"
17019,11,11,4012.20,Active,4,4,4,12,Champions
17020,542,2,935.62,Churned,1,2,3,6,Others
17021,442,6,1182.22,Churned,1,3,3,7,"At Risk"
17022,31,2,260.00,Active,3,2,1,6,Others
17023,417,3,800.18,Churned,1,3,2,6,"At Risk"
17024,45,3,95.85,Active,3,3,1,7,"Loyal Customers"
17025,60,5,1510.64,Active,3,3,3,9,"Loyal Customers"
17026,185,3,208.98,Churned,2,3,1,6,"At Risk"
17027,78,9,1327.11,Active,3,4,3,10,"Loyal Customers"
17028,581,3,1593.83,Churned,1,3,3,7,"At Risk"
17029,110,7,2137.30,Churned,2,4,3,9,"At Risk"
17030,63,1,146.87,Active,3,1,1,5,Others
17031,11,6,2773.85,Active,4,3,4,11,"Loyal Customers"
17032,547,8,3004.60,Churned,1,4,4,9,"At Risk"
17033,86,4,1332.79,Active,3,3,3,9,"Loyal Customers"
17034,16,5,1283.92,Active,4,3,3,10,"Loyal Customers"
17035,245,4,613.59,Churned,2,3,2,7,"At Risk"
17036,383,1,176.90,Churned,1,1,1,3,Lost
17037,87,1,1267.32,Active,3,1,3,7,Others
17038,30,2,743.17,Active,3,2,2,7,Others
17039,604,1,1954.99,Churned,1,1,3,5,Others
17040,137,2,463.25,Churned,2,2,2,6,Lost
17041,26,6,1686.28,Active,3,3,3,9,"Loyal Customers"
17042,2,5,1044.38,Active,4,3,3,10,"Loyal Customers"
17043,32,8,2616.55,Active,3,4,4,11,"Loyal Customers"
17044,25,12,11962.30,Active,3,4,4,11,"Loyal Customers"
17045,113,5,827.68,Churned,2,3,2,7,"At Risk"
17046,157,5,1906.07,Churned,2,3,3,8,"At Risk"
17047,85,6,2289.23,Active,3,3,3,9,"Loyal Customers"
17048,117,7,2071.68,Churned,2,4,3,9,"At Risk"
17049,2,19,9947.48,Active,4,4,4,12,Champions
17050,96,11,4691.79,Churned,2,4,4,10,"At Risk"
17051,194,4,714.39,Churned,2,3,2,7,"At Risk"
17052,28,1,413.75,Active,3,1,2,6,Others
17053,130,1,498.48,Churned,2,1,2,5,Lost
17054,28,5,1356.33,Active,3,3,3,9,"Loyal Customers"
17055,445,1,239.55,Churned,1,1,1,3,Lost
17056,738,1,128.60,Churned,1,1,1,3,Lost
17057,596,1,294.74,Churned,1,1,1,3,Lost
17058,81,3,1179.89,Active,3,3,3,9,"Loyal Customers"
17059,29,9,5602.53,Active,3,4,4,11,"Loyal Customers"
17060,266,1,234.24,Churned,2,1,1,4,Lost
17061,73,11,5232.23,Active,3,4,4,11,"Loyal Customers"
17062,313,6,1208.22,Churned,2,3,3,8,"At Risk"
17063,21,13,3638.53,Active,4,4,4,12,Champions
17064,58,3,859.35,Active,3,3,2,8,"Loyal Customers"
17065,637,2,194.70,Churned,1,2,1,4,Lost
17066,726,1,228.34,Churned,1,1,1,3,Lost
17067,724,3,454.54,Churned,1,3,2,6,"At Risk"
17068,12,47,9161.08,Active,4,4,4,12,Champions
17069,28,14,5794.28,Active,3,4,4,11,"Loyal Customers"
17070,114,2,445.32,Churned,2,2,2,6,Lost
17071,28,13,3801.20,Active,3,4,4,11,"Loyal Customers"
17072,625,1,282.05,Churned,1,1,1,3,Lost
17073,17,4,1446.09,Active,4,3,3,10,"Loyal Customers"
17074,562,1,203.05,Churned,1,1,1,3,Lost
17075,17,10,2241.73,Active,4,4,3,11,"Loyal Customers"
17076,36,6,1242.75,Active,3,3,3,9,"Loyal Customers"
17077,578,1,306.00,Churned,1,1,1,3,Lost
17078,36,2,378.20,Active,3,2,2,7,Others
17079,78,1,118.80,Active,3,1,1,5,Others
17080,22,7,957.53,Active,4,4,3,11,"Loyal Customers"
17081,25,6,964.39,Active,3,3,3,9,"Loyal Customers"
17082,33,6,4732.03,Active,3,3,4,10,"Loyal Customers"
17083,109,9,4049.79,Churned,2,4,4,10,"At Risk"
17084,35,3,5202.97,Active,3,3,4,10,"Loyal Customers"
17085,123,28,7891.41,Churned,2,4,4,10,"At Risk"
17086,7,6,2050.08,Active,4,3,3,10,"Loyal Customers"
17087,737,1,221.53,Churned,1,1,1,3,Lost
17088,28,4,1991.01,Active,3,3,3,9,"Loyal Customers"
17089,386,1,128.45,Churned,1,1,1,3,Lost
17090,4,13,3149.48,Active,4,4,4,12,Champions
17091,2,19,7811.10,Active,4,4,4,12,Champions
17092,50,11,5594.96,Active,3,4,4,11,"Loyal Customers"
17093,592,1,235.88,Churned,1,1,1,3,Lost
17094,322,2,402.20,Churned,2,2,2,6,Lost
17095,22,7,2572.25,Active,4,4,4,12,Champions
17096,15,11,3759.18,Active,4,4,4,12,Champions
17097,2,9,1340.45,Active,4,4,3,11,"Loyal Customers"
17098,381,3,591.07,Churned,1,3,2,6,"At Risk"
17099,533,1,582.17,Churned,1,1,2,4,Lost
17100,18,2,971.74,Active,4,2,3,9,"New Customers"
17101,10,7,2507.05,Active,4,4,4,12,Champions
17102,261,1,25.50,Churned,2,1,1,4,Lost
17103,722,1,424.30,Churned,1,1,2,4,Lost
17104,423,1,474.03,Churned,1,1,2,4,Lost
17105,159,2,665.78,Churned,2,2,2,6,Lost
17106,389,1,491.23,Churned,1,1,2,4,Lost
17107,33,10,16075.42,Active,3,4,4,11,"Loyal Customers"
17108,663,1,174.95,Churned,1,1,1,3,Lost
17109,29,8,1295.46,Active,3,4,3,10,"Loyal Customers"
17110,165,3,510.70,Churned,2,3,2,7,"At Risk"
17111,47,2,476.58,Active,3,2,2,7,Others
17112,502,1,205.17,Churned,1,1,1,3,Lost
17113,574,6,2322.59,Churned,1,3,4,8,"At Risk"
17114,5,8,808.62,Active,4,4,2,10,"Loyal Customers"
17115,8,7,2761.49,Active,4,4,4,12,Champions
17116,648,1,389.78,Churned,1,1,2,4,Lost
17117,288,1,116.20,Churned,2,1,1,4,Lost
17118,317,1,157.02,Churned,2,1,1,4,Lost
17119,3,2,606.91,Active,4,2,2,8,"New Customers"
17120,233,1,307.46,Churned,2,1,1,4,Lost
17121,402,1,314.74,Churned,1,1,1,3,Lost
17122,119,4,570.50,Churned,2,3,2,7,"At Risk"
17123,161,3,977.17,Churned,2,3,3,8,"At Risk"
17124,185,1,298.89,Churned,2,1,1,4,Lost
17125,50,1,259.35,Active,3,1,1,5,Others
17126,152,9,2070.44,Churned,2,4,3,9,"At Risk"
17127,428,5,1155.03,Churned,1,3,3,7,"At Risk"
17128,334,1,157.09,Churned,2,1,1,4,Lost
17129,520,1,31.85,Churned,1,1,1,3,Lost
17131,5,5,2463.17,Active,4,3,4,11,"Loyal Customers"
17132,452,2,1272.80,Churned,1,2,3,6,Others
17133,15,12,14622.33,Active,4,4,4,12,Champions
17134,106,3,637.10,Churned,2,3,2,7,"At Risk"
17135,16,10,1954.16,Active,4,4,3,11,"Loyal Customers"
17136,662,1,231.68,Churned,1,1,1,3,Lost
17137,416,6,1133.63,Churned,1,3,3,7,"At Risk"
17138,275,7,4417.27,Churned,2,4,4,10,"At Risk"
17139,15,25,19584.46,Active,4,4,4,12,Champions
17140,247,1,465.32,Churned,2,1,2,5,Lost
17141,418,4,754.33,Churned,1,3,2,6,"At Risk"
17142,239,4,1283.75,Churned,2,3,3,8,"At Risk"
17143,417,2,924.11,Churned,1,2,3,6,Others
17144,1,2,984.57,Active,4,2,3,9,"New Customers"
17145,512,4,3120.91,Churned,1,3,4,8,"At Risk"
17146,105,13,5860.24,Churned,2,4,4,10,"At Risk"
17147,22,9,3199.95,Active,4,4,4,12,Champions
17148,51,1,124.88,Active,3,1,1,5,Others
17149,451,1,143.10,Churned,1,1,1,3,Lost
17150,376,6,1375.65,Churned,2,3,3,8,"At Risk"
17151,735,1,231.90,Churned,1,1,1,3,Lost
17152,194,4,2016.50,Churned,2,3,3,8,"At Risk"
17153,24,1,213.78,Active,4,1,1,6,"New Customers"
17154,75,1,329.34,Active,3,1,1,5,Others
17155,17,7,892.46,Active,4,4,2,10,"Loyal Customers"
17156,491,1,591.87,Churned,1,1,2,4,Lost
17157,7,19,5151.90,Active,4,4,4,12,Champions
17158,32,5,1980.00,Active,3,3,3,9,"Loyal Customers"
17159,21,5,2099.59,Active,4,3,3,10,"Loyal Customers"
17160,31,17,10209.16,Active,3,4,4,11,"Loyal Customers"
17161,444,1,856.01,Churned,1,1,2,4,Lost
17162,28,10,1715.46,Active,3,4,3,10,"Loyal Customers"
17163,21,4,699.78,Active,4,3,2,9,"Loyal Customers"
17164,32,7,2467.35,Active,3,4,4,11,"Loyal Customers"
17165,284,6,1794.32,Churned,2,3,3,8,"At Risk"
17166,38,2,206.34,Active,3,2,1,6,Others
17167,379,3,867.11,Churned,2,3,2,7,"At Risk"
17168,498,1,400.20,Churned,1,1,2,4,Lost
17169,57,3,1156.73,Active,3,3,3,9,"Loyal Customers"
17170,374,2,178.68,Churned,2,2,1,5,Lost
17171,289,2,384.59,Churned,2,2,2,6,Lost
17172,78,3,956.57,Active,3,3,3,9,"Loyal Customers"
17173,5,8,3766.60,Active,4,4,4,12,Champions
17174,217,1,59.90,Churned,2,1,1,4,Lost
17175,44,4,1443.69,Active,3,3,3,9,"Loyal Customers"
17176,201,3,902.32,Churned,2,3,3,8,"At Risk"
17177,505,1,119.50,Churned,1,1,1,3,Lost
17178,731,1,436.71,Churned,1,1,2,4,Lost
17179,178,6,1507.26,Churned,2,3,3,8,"At Risk"
17180,56,11,2256.98,Active,3,4,3,10,"Loyal Customers"
17181,57,3,465.37,Active,3,3,2,8,"Loyal Customers"
17182,422,2,321.30,Churned,1,2,1,4,Lost
17183,7,6,3347.31,Active,4,3,4,11,"Loyal Customers"
17184,569,2,198.41,Churned,1,2,1,4,Lost
17185,591,3,229.46,Churned,1,3,1,5,"At Risk"
17186,46,2,144.00,Active,3,2,1,6,Others
17187,226,2,467.71,Churned,2,2,2,6,Lost
17188,11,13,4592.93,Active,4,4,4,12,Champions
17189,106,5,957.63,Churned,2,3,3,8,"At Risk"
17190,58,7,1743.04,Active,3,4,3,10,"Loyal Customers"
17191,28,15,4836.05,Active,3,4,4,11,"Loyal Customers"
17192,536,1,77.83,Churned,1,1,1,3,Lost
17193,35,9,2310.04,Active,3,4,4,11,"Loyal Customers"
17194,273,3,812.50,Churned,2,3,2,7,"At Risk"
17195,655,1,562.98,Churned,1,1,2,4,Lost
17196,427,1,352.90,Churned,1,1,2,4,Lost
17197,29,1,1013.01,Active,3,1,3,7,Others
17198,23,3,1213.88,Active,4,3,3,10,"Loyal Customers"
17199,582,1,145.12,Churned,1,1,1,3,Lost
17200,387,4,356.71,Churned,1,3,2,6,"At Risk"
17201,53,4,1242.04,Active,3,3,3,9,"Loyal Customers"
17202,420,1,160.65,Churned,1,1,1,3,Lost
17203,35,10,5575.88,Active,3,4,4,11,"Loyal Customers"
17204,175,9,5504.69,Churned,2,4,4,10,"At Risk"
17205,53,3,999.35,Active,3,3,3,9,"Loyal Customers"
17206,53,1,204.24,Active,3,1,1,5,Others
17207,652,1,303.22,Churned,1,1,1,3,Lost
17208,395,1,115.35,Churned,1,1,1,3,Lost
17209,649,3,611.60,Churned,1,3,2,6,"At Risk"
17210,392,1,253.37,Churned,1,1,1,3,Lost
17211,26,13,4046.65,Active,3,4,4,11,"Loyal Customers"
17212,253,3,794.41,Churned,2,3,2,7,"At Risk"
17213,40,13,5182.30,Active,3,4,4,11,"Loyal Customers"
17214,60,6,1069.12,Active,3,3,3,9,"Loyal Customers"
17215,464,1,186.15,Churned,1,1,1,3,Lost
17216,554,1,65.05,Churned,1,1,1,3,Lost
17217,234,2,218.00,Churned,2,2,1,5,Lost
17218,4,18,4192.68,Active,4,4,4,12,Champions
17219,31,2,259.13,Active,3,2,1,6,Others
17220,24,21,4481.75,Active,4,4,4,12,Champions
17221,7,5,978.52,Active,4,3,3,10,"Loyal Customers"
17222,65,6,1605.01,Active,3,3,3,9,"Loyal Customers"
17223,310,3,873.53,Churned,2,3,2,7,"At Risk"
17224,501,1,100.86,Churned,1,1,1,3,Lost
17225,581,1,131.15,Churned,1,1,1,3,Lost
17226,308,3,900.12,Churned,2,3,3,8,"At Risk"
17227,18,12,2022.03,Active,4,4,3,11,"Loyal Customers"
17228,15,13,3177.24,Active,4,4,4,12,Champions
17229,96,2,318.76,Churned,2,2,1,5,Lost
17230,264,18,9924.95,Churned,2,4,4,10,"At Risk"
17231,12,25,7197.04,Active,4,4,4,12,Champions
17232,2,2,421.52,Active,4,2,2,8,"New Customers"
17233,35,3,560.86,Active,3,3,2,8,"Loyal Customers"
17234,182,1,149.89,Churned,2,1,1,4,Lost
17235,25,8,1904.88,Active,3,4,3,10,"Loyal Customers"
17236,12,12,1929.26,Active,4,4,3,11,"Loyal Customers"
17237,11,4,1002.08,Active,4,3,3,10,"Loyal Customers"
17238,2,32,7783.10,Active,4,4,4,12,Champions
17239,312,4,1189.45,Churned,2,3,3,8,"At Risk"
17240,596,1,130.60,Churned,1,1,1,3,Lost
17241,385,12,2744.14,Churned,1,4,4,9,"At Risk"
17242,108,5,2889.28,Churned,2,3,4,9,"At Risk"
17243,1,69,20889.86,Active,4,4,4,12,Champions
17244,53,5,1826.04,Active,3,3,3,9,"Loyal Customers"
17245,204,2,371.63,Churned,2,2,2,6,Lost
17246,546,2,38.92,Churned,1,2,1,4,Lost
17247,15,1,282.19,Active,4,1,1,6,"New Customers"
17248,120,2,546.16,Churned,2,2,2,6,Lost
17249,428,1,68.03,Churned,1,1,1,3,Lost
17250,3,2,384.52,Active,4,2,2,8,"New Customers"
17251,362,3,812.43,Churned,2,3,2,7,"At Risk"
17252,116,2,353.86,Churned,2,2,2,6,Lost
17253,18,1,178.26,Active,4,1,1,6,"New Customers"
17254,4,3,470.73,Active,4,3,2,9,"Loyal Customers"
17255,40,4,799.13,Active,3,3,2,8,"Loyal Customers"
17256,107,5,498.93,Churned,2,3,2,7,"At Risk"
17257,436,2,192.73,Churned,1,2,1,4,Lost
17258,396,2,417.30,Churned,1,2,2,5,Lost
17259,148,6,1889.34,Churned,2,3,3,8,"At Risk"
17260,411,1,120.95,Churned,1,1,1,3,Lost
17261,509,1,230.44,Churned,1,1,1,3,Lost
17262,52,11,2757.62,Active,3,4,4,11,"Loyal Customers"
17263,208,1,63.44,Churned,2,1,1,4,Lost
17264,424,1,279.59,Churned,1,1,1,3,Lost
17265,138,2,562.90,Churned,2,2,2,6,Lost
17266,2,5,517.73,Active,4,3,2,9,"Loyal Customers"
17267,127,2,317.62,Churned,2,2,1,5,Lost
17268,107,11,1733.89,Churned,2,4,3,9,"At Risk"
17269,385,1,537.46,Churned,1,1,2,4,Lost
17270,469,2,604.40,Churned,1,2,2,5,Lost
17271,736,1,210.39,Churned,1,1,1,3,Lost
17272,42,4,2148.63,Active,3,3,3,9,"Loyal Customers"
17273,424,1,141.12,Churned,1,1,1,3,Lost
17274,35,2,577.38,Active,3,2,2,7,Others
17275,383,1,114.52,Churned,1,1,1,3,Lost
17276,402,1,508.39,Churned,1,1,2,4,Lost
17277,227,2,1065.35,Churned,2,2,3,7,Others
17278,241,2,271.24,Churned,2,2,1,5,Lost
17279,57,1,187.83,Active,3,1,1,5,Others
17280,438,1,118.86,Churned,1,1,1,3,Lost
17281,374,6,797.85,Churned,2,3,2,7,"At Risk"
17282,130,5,2339.66,Churned,2,3,4,9,"At Risk"
17283,378,1,188.46,Churned,2,1,1,4,Lost
17284,60,8,2793.16,Active,3,4,4,11,"Loyal Customers"
17285,628,2,428.34,Churned,1,2,2,5,Lost
17286,21,3,395.48,Active,4,3,2,9,"Loyal Customers"
17287,26,21,4111.96,Active,3,4,4,11,"Loyal Customers"
17288,9,11,2499.98,Active,4,4,4,12,Champions
17289,31,9,2079.39,Active,3,4,3,10,"Loyal Customers"
17290,3,8,1501.44,Active,4,4,3,11,"Loyal Customers"
17291,308,1,550.80,Churned,2,1,2,5,Lost
17292,472,2,271.75,Churned,1,2,1,4,Lost
17293,8,17,3774.23,Active,4,4,4,12,Champions
17294,669,2,467.79,Churned,1,2,2,5,Lost
17295,28,3,556.95,Active,3,3,2,8,"Loyal Customers"
17296,730,1,338.13,Churned,1,1,1,3,Lost
17297,17,1,131.78,Active,4,1,1,6,"New Customers"
17298,101,5,957.56,Churned,2,3,3,8,"At Risk"
17299,11,6,1016.08,Active,4,3,3,10,"Loyal Customers"
17300,390,2,393.64,Churned,1,2,2,5,Lost
17301,21,2,330.43,Active,4,2,1,7,"New Customers"
17302,14,5,1135.63,Active,4,3,3,10,"Loyal Customers"
17303,361,1,250.04,Churned,2,1,1,4,Lost
17304,534,1,111.50,Churned,1,1,1,3,Lost
17305,648,1,2135.46,Churned,1,1,3,5,Others
17306,10,21,9782.35,Active,4,4,4,12,Champions
17307,395,11,3999.89,Churned,1,4,4,9,"At Risk"
17308,393,2,4511.76,Churned,1,2,4,7,Others
17309,95,3,330.59,Churned,2,3,1,6,"At Risk"
17310,387,2,1025.10,Churned,1,2,3,6,Others
17311,78,6,3566.56,Active,3,3,4,10,"Loyal Customers"
17312,138,3,644.30,Churned,2,3,2,7,"At Risk"
17313,31,1,2328.84,Active,3,1,4,8,Others
17314,24,17,4904.43,Active,4,4,4,12,Champions
17315,1,43,9650.60,Active,4,4,4,12,Champions
17316,420,1,124.45,Churned,1,1,1,3,Lost
17317,46,3,2600.34,Active,3,3,4,10,"Loyal Customers"
17318,725,1,164.28,Churned,1,1,1,3,Lost
17319,669,1,29.10,Churned,1,1,1,3,Lost
17320,100,6,2895.77,Churned,2,3,4,9,"At Risk"
17321,8,6,1741.18,Active,4,3,3,10,"Loyal Customers"
17322,376,5,922.59,Churned,2,3,3,8,"At Risk"
17323,15,12,1565.59,Active,4,4,3,11,"Loyal Customers"
17324,17,12,2301.87,Active,4,4,3,11,"Loyal Customers"
17325,280,3,609.57,Churned,2,3,2,7,"At Risk"
17326,408,2,321.95,Churned,1,2,1,4,Lost
17327,409,2,152.35,Churned,1,2,1,4,Lost
17328,673,1,104.70,Churned,1,1,1,3,Lost
17329,14,5,1004.43,Active,4,3,3,10,"Loyal Customers"
17330,22,4,423.80,Active,4,3,2,9,"Loyal Customers"
17331,123,1,175.20,Churned,2,1,1,4,Lost
17332,528,5,838.27,Churned,1,3,2,6,"At Risk"
17333,85,1,494.25,Active,3,1,2,6,Others
17334,302,3,635.15,Churned,2,3,2,7,"At Risk"
17335,383,2,508.00,Churned,1,2,2,5,Lost
17336,472,1,81.12,Churned,1,1,1,3,Lost
17337,151,4,2027.87,Churned,2,3,3,8,"At Risk"
17338,17,17,12142.57,Active,4,4,4,12,Champions
17339,94,3,362.36,Churned,3,3,2,8,"Loyal Customers"
17340,29,18,22404.82,Active,3,4,4,11,"Loyal Customers"
17341,156,5,1889.83,Churned,2,3,3,8,"At Risk"
17342,379,4,1227.54,Churned,2,3,3,8,"At Risk"
17343,355,6,1259.94,Churned,2,3,3,8,"At Risk"
17344,46,2,468.11,Active,3,2,2,7,Others
17345,15,10,1604.68,Active,4,4,3,11,"Loyal Customers"
17346,3,26,5323.00,Active,4,4,4,12,Champions
17347,86,1,228.96,Active,3,1,1,5,Others
17348,14,9,2476.41,Active,4,4,4,12,Champions
17349,179,5,852.25,Churned,2,3,2,7,"At Risk"
17350,8,7,1906.04,Active,4,4,3,11,"Loyal Customers"
17351,36,12,1988.23,Active,3,4,3,10,"Loyal Customers"
17352,696,1,36.25,Churned,1,1,1,3,Lost
17353,129,4,3242.00,Churned,2,3,4,9,"At Risk"
17354,50,4,3143.46,Active,3,3,4,10,"Loyal Customers"
17355,386,1,285.11,Churned,1,1,1,3,Lost
17356,311,5,946.47,Churned,2,3,3,8,"At Risk"
17357,24,2,388.14,Active,4,2,2,8,"New Customers"
17358,303,5,866.05,Churned,2,3,2,7,"At Risk"
17359,11,2,284.46,Active,4,2,1,7,"New Customers"
17360,17,6,1231.38,Active,4,3,3,10,"Loyal Customers"
17361,49,5,880.64,Active,3,3,2,8,"Loyal Customers"
17362,239,7,1024.04,Churned,2,4,3,9,"At Risk"
17363,395,3,940.86,Churned,1,3,3,7,"At Risk"
17364,0,28,12070.42,Active,4,4,4,12,Champions
17365,12,15,8224.98,Active,4,4,4,12,Champions
17366,432,2,1096.24,Churned,1,2,3,6,Others
17367,238,1,168.40,Churned,2,1,1,4,Lost
17368,23,14,2826.14,Active,4,4,4,12,Champions
17369,455,1,979.20,Churned,1,1,3,5,Others
17370,72,4,446.18,Active,3,3,2,8,"Loyal Customers"
17371,17,6,662.55,Active,4,3,2,9,"Loyal Customers"
17372,40,28,4377.56,Active,3,4,4,11,"Loyal Customers"
17373,40,7,1167.50,Active,3,4,3,10,"Loyal Customers"
17374,218,3,727.11,Churned,2,3,2,7,"At Risk"
17375,199,4,660.55,Churned,2,3,2,7,"At Risk"
17376,70,4,453.64,Active,3,3,2,8,"Loyal Customers"
17377,23,78,18319.41,Active,4,4,4,12,Champions
17378,374,1,10.95,Churned,2,1,1,4,Lost
17379,11,1,404.66,Active,4,1,2,7,"New Customers"
17380,434,3,645.00,Churned,1,3,2,6,"At Risk"
17381,8,38,40002.37,Active,4,4,4,12,Champions
17382,65,8,902.28,Active,3,4,3,10,"Loyal Customers"
17383,4,2,309.99,Active,4,2,1,7,"New Customers"
17384,19,3,507.55,Active,4,3,2,9,"Loyal Customers"
17385,14,1,261.11,Active,4,1,1,6,"New Customers"
17386,7,7,2812.77,Active,4,4,4,12,Champions
17387,19,2,784.11,Active,4,2,2,8,"New Customers"
17388,77,11,2691.57,Active,3,4,4,11,"Loyal Customers"
17389,0,61,57224.68,Active,4,4,4,12,Champions
17390,420,1,149.30,Churned,1,1,1,3,Lost
17391,163,2,508.80,Churned,2,2,2,6,Lost
17392,306,3,626.56,Churned,2,3,2,7,"At Risk"
17393,410,2,381.15,Churned,1,2,2,5,Lost
17394,219,1,203.87,Churned,2,1,1,4,Lost
17395,508,1,97.50,Churned,1,1,1,3,Lost
17396,39,14,8807.10,Active,3,4,4,11,"Loyal Customers"
17397,22,3,1233.18,Active,4,3,3,10,"Loyal Customers"
17398,114,3,653.38,Churned,2,3,2,7,"At Risk"
17400,126,8,4677.05,Churned,2,4,4,10,"At Risk"
17401,541,1,114.85,Churned,1,1,1,3,Lost
17402,4,23,5096.18,Active,4,4,4,12,Champions
17403,36,2,400.57,Active,3,2,2,7,Others
17404,4,23,47781.12,Active,4,4,4,12,Champions
17405,1,3,1031.41,Active,4,3,3,10,"Loyal Customers"
17406,333,13,4905.05,Churned,2,4,4,10,"At Risk"
17407,411,1,552.90,Churned,1,1,2,4,Lost
17408,163,3,316.09,Churned,2,3,1,6,"At Risk"
17409,184,10,7793.51,Churned,2,4,4,10,"At Risk"
17410,16,5,1214.72,Active,4,3,3,10,"Loyal Customers"
17411,12,5,1425.38,Active,4,3,3,10,"Loyal Customers"
17412,2,16,4417.52,Active,4,4,4,12,Champions
17413,404,2,560.14,Churned,1,2,2,5,Lost
17414,43,6,2249.52,Active,3,3,3,9,"Loyal Customers"
17415,79,1,507.84,Active,3,1,2,6,Others
17416,29,22,17298.45,Active,3,4,4,11,"Loyal Customers"
17417,548,1,164.18,Churned,1,1,1,3,Lost
17418,42,3,670.06,Active,3,3,2,8,"Loyal Customers"
17419,11,18,6500.52,Active,4,4,4,12,Champions
17420,50,6,1084.43,Active,3,3,3,9,"Loyal Customers"
17421,386,3,1059.41,Churned,1,3,3,7,"At Risk"
17422,16,11,3594.76,Active,4,4,4,12,Champions
17423,46,3,1118.95,Active,3,3,3,9,"Loyal Customers"
17425,19,2,759.17,Active,4,2,2,8,"New Customers"
17426,8,13,8077.77,Active,4,4,4,12,Champions
17427,71,1,100.80,Active,3,1,1,5,Others
17428,0,45,31819.76,Active,4,4,4,12,Champions
17429,128,5,1357.46,Churned,2,3,3,8,"At Risk"
17430,32,4,735.17,Active,3,3,2,8,"Loyal Customers"
17431,313,1,403.30,Churned,2,1,2,5,Lost
17432,18,9,1751.39,Active,4,4,3,11,"Loyal Customers"
17433,88,2,569.96,Active,3,2,2,7,Others
17434,2,7,2373.82,Active,4,4,4,12,Champions
17435,411,1,331.35,Churned,1,1,1,3,Lost
17436,1,5,534.06,Active,4,3,2,9,"Loyal Customers"
17437,529,1,373.17,Churned,1,1,2,4,Lost
17438,253,5,1422.77,Churned,2,3,3,8,"At Risk"
17439,655,1,325.74,Churned,1,1,1,3,Lost
17440,156,4,323.58,Churned,2,3,1,6,"At Risk"
17441,732,1,293.35,Churned,1,1,1,3,Lost
17442,36,15,4620.30,Active,3,4,4,11,"Loyal Customers"
17443,219,1,534.24,Churned,2,1,2,5,Lost
17444,147,3,2940.04,Churned,2,3,4,9,"At Risk"
17446,176,2,120.90,Churned,2,2,1,5,Lost
17447,40,2,541.53,Active,3,2,2,7,Others
17448,497,46,14556.97,Churned,1,4,4,9,"At Risk"
17449,2,13,4951.15,Active,4,4,4,12,Champions
17450,8,51,246973.09,Active,4,4,4,12,Champions
17451,1,7,1721.40,Active,4,4,3,11,"Loyal Customers"
17453,17,2,486.72,Active,4,2,2,8,"New Customers"
17454,192,10,1547.94,Churned,2,4,3,9,"At Risk"
17455,203,1,131.70,Churned,2,1,1,4,Lost
17456,365,2,1225.42,Churned,2,2,3,7,Others
17457,126,14,5984.81,Churned,2,4,4,10,"At Risk"
17458,15,2,529.58,Active,4,2,2,8,"New Customers"
17459,43,2,657.30,Active,3,2,2,7,Others
17460,94,16,2228.27,Churned,3,4,3,10,"Loyal Customers"
17461,22,3,757.46,Active,4,3,2,9,"Loyal Customers"
17462,60,2,675.69,Active,3,2,2,7,Others
17463,16,7,2557.91,Active,4,4,4,12,Champions
17464,158,3,1000.94,Churned,2,3,3,8,"At Risk"
17465,425,7,2542.79,Churned,1,4,4,9,"At Risk"
17466,10,2,763.28,Active,4,2,2,8,"New Customers"
17467,395,1,102.60,Churned,1,1,1,3,Lost
17468,10,3,194.80,Active,4,3,1,8,"Loyal Customers"
17469,16,17,5051.25,Active,4,4,4,12,Champions
17470,44,11,2804.87,Active,3,4,4,11,"Loyal Customers"
17471,474,1,321.65,Churned,1,1,1,3,Lost
17472,191,4,935.10,Churned,2,3,3,8,"At Risk"
17473,408,2,607.00,Churned,1,2,2,5,Lost
17474,599,1,1047.00,Churned,1,1,3,5,Others
17475,79,1,194.37,Active,3,1,1,5,Others
17476,395,2,489.86,Churned,1,2,2,5,Lost
17477,612,2,1144.30,Churned,1,2,3,6,Others
17478,408,2,1272.80,Churned,1,2,3,6,Others
17479,632,1,389.26,Churned,1,1,2,4,Lost
17480,77,2,902.03,Active,3,2,3,8,Others
17481,3,4,1255.59,Active,4,3,3,10,"Loyal Customers"
17482,487,2,778.19,Churned,1,2,2,5,Lost
17483,65,4,591.73,Active,3,3,2,8,"Loyal Customers"
17484,576,2,209.57,Churned,1,2,1,4,Lost
17486,261,1,396.87,Churned,2,1,2,5,Lost
17487,728,1,160.55,Churned,1,1,1,3,Lost
17488,641,1,336.50,Churned,1,1,1,3,Lost
17489,58,2,376.64,Active,3,2,2,7,Others
17490,0,9,2750.50,Active,4,4,4,12,Champions
17491,1,17,5981.07,Active,4,4,4,12,Champions
17492,248,3,1122.42,Churned,2,3,3,8,"At Risk"
17493,385,1,100.91,Churned,1,1,1,3,Lost
17494,501,1,54.70,Churned,1,1,1,3,Lost
17495,7,3,806.72,Active,4,3,2,9,"Loyal Customers"
17496,358,4,1412.89,Churned,2,3,3,8,"At Risk"
17497,390,2,287.25,Churned,1,2,1,4,Lost
17498,75,1,272.22,Active,3,1,1,5,Others
17499,289,2,1341.39,Churned,2,2,3,7,Others
17500,17,3,1138.00,Active,4,3,3,10,"Loyal Customers"
17501,220,2,288.60,Churned,2,2,1,5,Lost
17502,9,4,689.10,Active,4,3,2,9,"Loyal Customers"
17503,2,2,558.96,Active,4,2,2,8,"New Customers"
17504,206,18,9565.12,Churned,2,4,4,10,"At Risk"
17505,161,5,2435.48,Churned,2,3,4,9,"At Risk"
17506,75,1,302.20,Active,3,1,1,5,Others
17507,261,2,605.58,Churned,2,2,2,6,Lost
17508,280,8,4579.23,Churned,2,4,4,10,"At Risk"
17509,57,8,6115.14,Active,3,4,4,11,"Loyal Customers"
17510,24,2,514.56,Active,4,2,2,8,"New Customers"
17511,2,60,175603.55,Active,4,4,4,12,Champions
17512,28,18,5467.82,Active,3,4,4,11,"Loyal Customers"
17513,72,3,1158.80,Active,3,3,3,9,"Loyal Customers"
17514,128,2,542.83,Churned,2,2,2,6,Lost
17515,31,9,1617.46,Active,3,4,3,10,"Loyal Customers"
17516,15,6,957.55,Active,4,3,3,10,"Loyal Customers"
17517,308,1,153.94,Churned,2,1,1,4,Lost
17518,425,2,329.42,Churned,1,2,1,4,Lost
17519,17,15,5109.47,Active,4,4,4,12,Champions
17520,53,1,546.81,Active,3,1,2,6,Others
17521,29,5,1278.06,Active,3,3,3,9,"Loyal Customers"
17522,1,5,1070.71,Active,4,3,3,10,"Loyal Customers"
17523,11,4,652.74,Active,4,3,2,9,"Loyal Customers"
17524,361,3,539.14,Churned,2,3,2,7,"At Risk"
17525,359,3,1161.90,Churned,2,3,3,8,"At Risk"
17526,4,12,4166.04,Active,4,4,4,12,Champions
17527,53,4,939.37,Active,3,3,3,9,"Loyal Customers"
17528,1,8,3628.50,Active,4,4,4,12,Champions
17529,610,2,1240.25,Churned,1,2,3,6,Others
17530,1,12,3141.51,Active,4,4,4,12,Champions
17531,190,3,1266.82,Churned,2,3,3,8,"At Risk"
17532,385,1,65.34,Churned,1,1,1,3,Lost
17533,434,1,34.80,Churned,1,1,1,3,Lost
17534,53,5,1668.83,Active,3,3,3,9,"Loyal Customers"
17535,280,1,164.40,Churned,2,1,1,4,Lost
17536,177,3,364.83,Churned,2,3,2,7,"At Risk"
17537,29,2,897.62,Active,3,2,2,7,Others
17538,25,1,98.42,Active,3,1,1,5,Others
17539,617,4,1226.57,Churned,1,3,3,7,"At Risk"
17540,24,6,1590.60,Active,4,3,3,10,"Loyal Customers"
17541,509,1,124.46,Churned,1,1,1,3,Lost
17542,269,3,341.70,Churned,2,3,1,6,"At Risk"
17543,549,1,120.05,Churned,1,1,1,3,Lost
17544,390,3,960.69,Churned,1,3,3,7,"At Risk"
17545,43,6,1448.54,Active,3,3,3,9,"Loyal Customers"
17547,375,2,727.85,Churned,2,2,2,6,Lost
17548,233,4,731.26,Churned,2,3,2,7,"At Risk"
17549,23,2,148.86,Active,4,2,1,7,"New Customers"
17550,197,9,2547.64,Churned,2,4,4,10,"At Risk"
17551,359,1,306.84,Churned,2,1,1,4,Lost
17552,60,12,3085.29,Active,3,4,4,11,"Loyal Customers"
17553,129,4,3757.60,Churned,2,3,4,9,"At Risk"
17554,1,5,1952.45,Active,4,3,3,10,"Loyal Customers"
17555,19,5,1057.74,Active,4,3,3,10,"Loyal Customers"
17556,205,2,300.67,Churned,2,2,1,5,Lost
17557,14,4,575.46,Active,4,3,2,9,"Loyal Customers"
17558,393,1,259.17,Churned,1,1,1,3,Lost
17559,512,1,167.62,Churned,1,1,1,3,Lost
17560,94,8,1895.80,Churned,3,4,3,10,"Loyal Customers"
17561,19,4,722.34,Active,4,3,2,9,"Loyal Customers"
17562,14,7,1122.38,Active,4,4,3,11,"Loyal Customers"
17563,578,2,392.38,Churned,1,2,2,5,Lost
17564,24,3,454.01,Active,4,3,2,9,"Loyal Customers"
17565,586,1,131.83,Churned,1,1,1,3,Lost
17566,8,2,901.21,Active,4,2,3,9,"New Customers"
17567,7,9,5356.03,Active,4,4,4,12,Champions
17568,633,1,382.79,Churned,1,1,2,4,Lost
17569,332,1,344.14,Churned,2,1,1,4,Lost
17570,381,1,100.00,Churned,1,1,1,3,Lost
17571,50,5,1703.75,Active,3,3,3,9,"Loyal Customers"
17572,71,10,723.01,Active,3,4,2,9,"Loyal Customers"
17573,29,3,380.60,Active,3,3,2,8,"Loyal Customers"
17574,242,1,185.65,Churned,2,1,1,4,Lost
17575,667,1,171.70,Churned,1,1,1,3,Lost
17576,8,41,9056.81,Active,4,4,4,12,Champions
17577,645,2,348.75,Churned,1,2,1,4,Lost
17578,218,7,1047.33,Churned,2,4,3,9,"At Risk"
17579,4,4,753.28,Active,4,3,2,9,"Loyal Customers"
17580,252,5,545.27,Churned,2,3,2,7,"At Risk"
17581,0,43,18757.75,Active,4,4,4,12,Champions
17582,236,5,1450.70,Churned,2,3,3,8,"At Risk"
17583,560,1,135.95,Churned,1,1,1,3,Lost
17584,7,6,5309.42,Active,4,3,4,11,"Loyal Customers"
17585,109,7,2093.30,Churned,2,4,3,9,"At Risk"
17586,619,1,167.40,Churned,1,1,1,3,Lost
17587,628,1,181.66,Churned,1,1,1,3,Lost
17588,100,7,2939.55,Churned,2,4,4,10,"At Risk"
17589,60,18,14049.87,Active,3,4,4,11,"Loyal Customers"
17590,2,3,1479.22,Active,4,3,3,10,"Loyal Customers"
17591,73,8,2776.67,Active,3,4,4,11,"Loyal Customers"
17592,738,1,148.30,Churned,1,1,1,3,Lost
17593,3,11,8095.80,Active,4,4,4,12,Champions
17594,85,4,2497.88,Active,3,3,4,10,"Loyal Customers"
17595,12,2,388.79,Active,4,2,2,8,"New Customers"
17596,23,13,4920.67,Active,4,4,4,12,Champions
17597,213,5,3484.09,Churned,2,3,4,9,"At Risk"
17598,381,1,409.98,Churned,1,1,2,4,Lost
17599,477,1,52.05,Churned,1,1,1,3,Lost
17600,17,1,161.67,Active,4,1,1,6,"New Customers"
17601,239,2,421.48,Churned,2,2,2,6,Lost
17602,2,14,7451.13,Active,4,4,4,12,Champions
17603,78,4,1793.48,Active,3,3,3,9,"Loyal Customers"
17604,217,6,945.93,Churned,2,3,3,8,"At Risk"
17605,590,1,160.75,Churned,1,1,1,3,Lost
17606,737,1,87.30,Churned,1,1,1,3,Lost
17607,376,1,333.81,Churned,2,1,1,4,Lost
17608,33,4,498.53,Active,3,3,2,8,"Loyal Customers"
17609,40,11,1894.34,Active,3,4,3,10,"Loyal Customers"
17610,540,5,1529.49,Churned,1,3,3,7,"At Risk"
17611,7,28,8371.98,Active,4,4,4,12,Champions
17612,53,18,5394.86,Active,3,4,4,11,"Loyal Customers"
17613,22,14,4559.15,Active,4,4,4,12,Champions
17614,57,1,390.07,Active,3,1,2,6,Others
17615,130,6,733.20,Churned,2,3,2,7,"At Risk"
17616,173,4,1060.80,Churned,2,3,3,8,"At Risk"
17617,558,1,395.33,Churned,1,1,2,4,Lost
17618,5,11,4073.24,Active,4,4,4,12,Champions
17619,312,1,218.52,Churned,2,1,1,4,Lost
17620,59,1,81.44,Active,3,1,1,5,Others
17621,21,6,3175.12,Active,4,3,4,11,"Loyal Customers"
17622,597,2,1130.21,Churned,1,2,3,6,Others
17623,32,7,2383.67,Active,3,4,4,11,"Loyal Customers"
17624,14,4,1568.63,Active,4,3,3,10,"Loyal Customers"
17625,18,8,6067.80,Active,4,4,4,12,Champions
17626,602,1,254.00,Churned,1,1,1,3,Lost
17627,478,1,296.36,Churned,1,1,1,3,Lost
17628,81,1,75.75,Active,3,1,1,5,Others
17629,5,10,2455.52,Active,4,4,4,12,Champions
17630,169,2,503.60,Churned,2,2,2,6,Lost
17631,1,7,998.49,Active,4,4,3,11,"Loyal Customers"
17633,31,7,2057.39,Active,3,4,3,10,"Loyal Customers"
17634,36,9,2361.97,Active,3,4,4,11,"Loyal Customers"
17635,424,3,1265.58,Churned,1,3,3,7,"At Risk"
17636,19,1,285.56,Active,4,1,1,6,"New Customers"
17637,31,2,547.06,Active,3,2,2,7,Others
17638,647,2,842.40,Churned,1,2,2,5,Lost
17639,276,6,615.17,Churned,2,3,2,7,"At Risk"
17640,86,6,3168.94,Active,3,3,4,10,"Loyal Customers"
17642,119,5,1824.49,Churned,2,3,3,8,"At Risk"
17643,373,2,541.25,Churned,2,2,2,6,Lost
17644,1,20,6028.60,Active,4,4,4,12,Champions
17646,219,12,4149.79,Churned,2,4,4,10,"At Risk"
17647,65,3,331.66,Active,3,3,1,7,"Loyal Customers"
17648,60,5,2216.37,Active,3,3,3,9,"Loyal Customers"
17649,138,3,1578.89,Churned,2,3,3,8,"At Risk"
17650,21,1,166.08,Active,4,1,1,6,"New Customers"
17651,11,16,5703.52,Active,4,4,4,12,Champions
17652,25,12,4867.72,Active,3,4,4,11,"Loyal Customers"
17653,36,4,1207.56,Active,3,3,3,9,"Loyal Customers"
17654,277,1,117.55,Churned,2,1,1,4,Lost
17655,10,9,3652.48,Active,4,4,4,12,Champions
17656,73,5,1674.69,Active,3,3,3,9,"Loyal Customers"
17657,430,1,126.00,Churned,1,1,1,3,Lost
17658,25,2,595.42,Active,3,2,2,7,Others
17659,17,14,3834.79,Active,4,4,4,12,Champions
17660,141,2,359.47,Churned,2,2,2,6,Lost
17662,661,2,412.92,Churned,1,2,2,5,Lost
17663,25,17,5175.83,Active,3,4,4,11,"Loyal Customers"
17664,18,4,1166.23,Active,4,3,3,10,"Loyal Customers"
17665,493,1,563.10,Churned,1,1,2,4,Lost
17666,3,5,2047.80,Active,4,3,3,10,"Loyal Customers"
17667,66,9,3950.70,Active,3,4,4,11,"Loyal Customers"
17668,1,2,347.75,Active,4,2,1,7,"New Customers"
17669,42,10,6142.35,Active,3,4,4,11,"Loyal Customers"
17670,227,1,205.70,Churned,2,1,1,4,Lost
17671,15,5,2403.34,Active,4,3,4,11,"Loyal Customers"
17672,50,7,5778.63,Active,3,4,4,11,"Loyal Customers"
17673,1,13,4233.58,Active,4,4,4,12,Champions
17674,74,2,851.70,Active,3,2,2,7,Others
17675,1,70,38259.60,Active,4,4,4,12,Champions
17676,4,10,2765.84,Active,4,4,4,12,Champions
17677,1,54,36692.91,Active,4,4,4,12,Champions
17678,263,2,599.76,Churned,2,2,2,6,Lost
17679,52,7,3577.61,Active,3,4,4,11,"Loyal Customers"
17680,23,3,497.45,Active,4,3,2,9,"Loyal Customers"
17681,597,5,731.20,Churned,1,3,2,6,"At Risk"
17682,10,11,4456.78,Active,4,4,4,12,Champions
17683,385,3,819.01,Churned,1,3,2,6,"At Risk"
17684,43,1,239.41,Active,3,1,1,5,Others
17685,16,12,5943.17,Active,4,4,4,12,Champions
17686,7,9,8296.81,Active,4,4,4,12,Champions
17687,420,1,432.68,Churned,1,1,2,4,Lost
17688,393,1,304.20,Churned,1,1,1,3,Lost
17689,388,2,317.08,Churned,1,2,1,4,Lost
17690,30,20,7448.10,Active,3,4,4,11,"Loyal Customers"
17691,358,4,780.05,Churned,2,3,2,7,"At Risk"
17692,127,12,2975.80,Churned,2,4,4,10,"At Risk"
17693,137,1,200.47,Churned,2,1,1,4,Lost
17694,141,3,1695.97,Churned,2,3,3,8,"At Risk"
17695,131,5,1746.04,Churned,2,3,3,8,"At Risk"
17696,38,27,7679.59,Active,3,4,4,11,"Loyal Customers"
17697,236,1,338.95,Churned,2,1,1,4,Lost
17698,260,1,154.95,Churned,2,1,1,4,Lost
17699,476,2,442.00,Churned,1,2,2,5,Lost
17700,16,14,6679.97,Active,4,4,4,12,Champions
17701,252,1,417.95,Churned,2,1,2,5,Lost
17702,30,6,3144.04,Active,3,3,4,10,"Loyal Customers"
17703,35,4,1094.84,Active,3,3,3,9,"Loyal Customers"
17704,168,2,885.19,Churned,2,2,2,6,Lost
17705,3,11,2083.90,Active,4,4,3,11,"Loyal Customers"
17706,4,31,20749.98,Active,4,4,4,12,Champions
17707,185,8,609.30,Churned,2,4,2,8,"At Risk"
17708,187,4,887.93,Churned,2,3,2,7,"At Risk"
17709,169,5,671.01,Churned,2,3,2,7,"At Risk"
17710,423,1,293.50,Churned,1,1,1,3,Lost
17711,10,2,385.10,Active,4,2,2,8,"New Customers"
17712,44,1,522.91,Active,3,1,2,6,Others
17713,382,4,1198.09,Churned,1,3,3,7,"At Risk"
17714,320,5,1410.18,Churned,2,3,3,8,"At Risk"
17715,200,2,489.60,Churned,2,2,2,6,Lost
17716,22,24,15956.97,Active,4,4,4,12,Champions
17717,421,1,376.92,Churned,1,1,2,4,Lost
17718,232,2,439.18,Churned,2,2,2,6,Lost
17719,37,15,5396.04,Active,3,4,4,11,"Loyal Customers"
17720,26,10,2768.91,Active,3,4,4,11,"Loyal Customers"
17721,659,1,307.21,Churned,1,1,1,3,Lost
17722,96,5,4430.36,Churned,2,3,4,9,"At Risk"
17723,127,7,3378.40,Churned,2,4,4,10,"At Risk"
17724,71,3,1033.00,Active,3,3,3,9,"Loyal Customers"
17725,16,11,3439.08,Active,4,4,4,12,Champions
17726,395,7,1092.06,Churned,1,4,3,8,"At Risk"
17727,15,1,1060.25,Active,4,1,3,8,"New Customers"
17728,3,5,4238.76,Active,4,3,4,11,"Loyal Customers"
17729,596,1,438.65,Churned,1,1,2,4,Lost
17730,3,20,7773.80,Active,4,4,4,12,Champions
17731,79,6,1708.99,Active,3,3,3,9,"Loyal Customers"
17732,372,8,2470.39,Churned,2,4,4,10,"At Risk"
17733,38,2,692.19,Active,3,2,2,7,Others
17734,53,6,1442.32,Active,3,3,3,9,"Loyal Customers"
17735,2,26,17244.93,Active,4,4,4,12,Champions
17736,9,3,377.44,Active,4,3,2,9,"Loyal Customers"
17737,9,2,168.24,Active,4,2,1,7,"New Customers"
17738,19,13,4183.56,Active,4,4,4,12,Champions
17739,11,18,7730.59,Active,4,4,4,12,Champions
17740,389,6,426.90,Churned,1,3,2,6,"At Risk"
17741,406,2,101.10,Churned,1,2,1,4,Lost
17742,113,11,2098.48,Churned,2,4,3,9,"At Risk"
17743,448,1,229.20,Churned,1,1,1,3,Lost
17744,3,7,2649.14,Active,4,4,4,12,Champions
17745,477,2,600.34,Churned,1,2,2,5,Lost
17746,240,4,904.18,Churned,2,3,3,8,"At Risk"
17747,112,1,71.40,Churned,2,1,1,4,Lost
17748,527,1,358.15,Churned,1,1,2,4,Lost
17749,178,3,1026.18,Churned,2,3,3,8,"At Risk"
17750,5,9,1797.57,Active,4,4,3,11,"Loyal Customers"
17751,421,1,157.86,Churned,1,1,1,3,Lost
17752,359,1,80.64,Churned,2,1,1,4,Lost
17753,464,4,390.56,Churned,1,3,2,6,"At Risk"
17754,0,13,4577.53,Active,4,4,4,12,Champions
17756,375,3,733.70,Churned,2,3,2,7,"At Risk"
17757,1,56,9422.45,Active,4,4,4,12,Champions
17758,19,12,5012.53,Active,4,4,4,12,Champions
17759,17,5,1276.91,Active,4,3,3,10,"Loyal Customers"
17760,21,6,918.93,Active,4,3,3,10,"Loyal Customers"
17761,32,1,712.78,Active,3,1,2,6,Others
17762,456,1,129.75,Churned,1,1,1,3,Lost
17763,263,4,86.15,Churned,2,3,1,6,"At Risk"
17764,50,5,1623.64,Active,3,3,3,9,"Loyal Customers"
17765,158,4,530.80,Churned,2,3,2,7,"At Risk"
17766,381,2,299.61,Churned,1,2,1,4,Lost
17767,15,2,413.05,Active,4,2,2,8,"New Customers"
17768,8,7,3509.51,Active,4,4,4,12,Champions
17769,12,17,7103.08,Active,4,4,4,12,Champions
17770,198,5,1143.27,Churned,2,3,3,8,"At Risk"
17771,56,4,387.41,Active,3,3,2,8,"Loyal Customers"
17772,10,3,384.77,Active,4,3,2,9,"Loyal Customers"
17773,514,2,585.27,Churned,1,2,2,5,Lost
17774,96,9,3328.05,Churned,2,4,4,10,"At Risk"
17775,254,1,56.40,Churned,2,1,1,4,Lost
17776,386,2,338.56,Churned,1,2,1,4,Lost
17777,24,3,665.86,Active,4,3,2,9,"Loyal Customers"
17778,661,1,197.70,Churned,1,1,1,3,Lost
17779,21,3,658.57,Active,4,3,2,9,"Loyal Customers"
17780,667,3,352.91,Churned,1,3,2,6,"At Risk"
17781,159,2,188.02,Churned,2,2,1,5,Lost
17782,382,2,679.02,Churned,1,2,2,5,Lost
17783,72,3,379.91,Active,3,3,2,8,"Loyal Customers"
17784,550,1,112.86,Churned,1,1,1,3,Lost
17785,53,3,403.38,Active,3,3,2,8,"Loyal Customers"
17786,85,2,278.74,Active,3,2,1,6,Others
17787,152,4,2601.47,Churned,2,3,4,9,"At Risk"
17788,73,2,1117.90,Active,3,2,3,8,Others
17789,281,2,397.15,Churned,2,2,2,6,Lost
17790,26,20,2783.61,Active,3,4,4,11,"Loyal Customers"
17791,29,1,106.10,Active,3,1,1,5,Others
17792,467,2,370.05,Churned,1,2,2,5,Lost
17793,25,1,323.04,Active,3,1,1,5,Others
17794,686,2,147.30,Churned,1,2,1,4,Lost
17795,179,2,350.39,Churned,2,2,2,6,Lost
17796,40,7,1361.99,Active,3,4,3,10,"Loyal Customers"
17797,22,8,1985.87,Active,4,4,3,11,"Loyal Customers"
17798,581,1,183.09,Churned,1,1,1,3,Lost
17799,22,20,6341.89,Active,4,4,4,12,Champions
17800,37,9,1199.01,Active,3,4,3,10,"Loyal Customers"
17801,451,3,798.33,Churned,1,3,2,6,"At Risk"
17802,82,10,5053.12,Active,3,4,4,11,"Loyal Customers"
17803,392,1,184.66,Churned,1,1,1,3,Lost
17804,376,3,385.23,Churned,2,3,2,7,"At Risk"
17805,73,2,927.03,Active,3,2,3,8,Others
17806,11,1,546.04,Active,4,1,2,7,"New Customers"
17807,395,3,437.87,Churned,1,3,2,6,"At Risk"
17808,548,4,262.64,Churned,1,3,1,5,"At Risk"
17809,16,20,11337.39,Active,4,4,4,12,Champions
17810,668,2,374.81,Churned,1,2,2,5,Lost
17811,4,47,9609.80,Active,4,4,4,12,Champions
17812,12,7,1165.89,Active,4,4,3,11,"Loyal Customers"
17813,14,5,1770.88,Active,4,3,3,10,"Loyal Customers"
17814,375,2,1617.32,Churned,2,2,3,7,Others
17815,393,1,591.96,Churned,1,1,2,4,Lost
17816,36,6,112.32,Active,3,3,1,7,"Loyal Customers"
17817,4,6,807.85,Active,4,3,2,9,"Loyal Customers"
17818,737,1,130.18,Churned,1,1,1,3,Lost
17819,71,12,6612.52,Active,3,4,4,11,"Loyal Customers"
17820,374,1,183.56,Churned,2,1,1,4,Lost
17821,406,1,334.62,Churned,1,1,1,3,Lost
17822,420,5,2188.50,Churned,1,3,3,7,"At Risk"
17823,421,2,494.25,Churned,1,2,2,5,Lost
17824,51,1,298.40,Active,3,1,1,5,Others
17825,598,4,731.96,Churned,1,3,2,6,"At Risk"
17826,374,1,134.59,Churned,2,1,1,4,Lost
17827,5,6,2388.05,Active,4,3,4,11,"Loyal Customers"
17828,22,4,1820.09,Active,4,3,3,10,"Loyal Customers"
17829,298,5,4756.74,Churned,2,3,4,9,"At Risk"
17830,1,3,398.70,Active,4,3,2,9,"Loyal Customers"
17831,33,1,35.40,Active,3,1,1,5,Others
17832,49,1,155.37,Active,3,1,1,5,Others
17833,723,1,342.36,Churned,1,1,1,3,Lost
17834,414,2,730.47,Churned,1,2,2,5,Lost
17835,2,3,350.64,Active,4,3,2,9,"Loyal Customers"
17836,47,1,110.21,Active,3,1,1,5,Others
17837,42,8,1593.38,Active,3,4,3,10,"Loyal Customers"
17838,26,13,6722.90,Active,3,4,4,11,"Loyal Customers"
17839,42,1,338.80,Active,3,1,1,5,Others
17840,443,1,185.72,Churned,1,1,1,3,Lost
17841,1,211,70884.07,Active,4,4,4,12,Champions
17842,602,1,430.69,Churned,1,1,2,4,Lost
17843,303,2,326.23,Churned,2,2,1,5,Lost
17844,106,1,51.56,Churned,2,1,1,4,Lost
17845,555,4,598.19,Churned,1,3,2,6,"At Risk"
17846,85,1,2033.10,Active,3,1,3,7,Others
17847,515,2,129.69,Churned,1,2,1,4,Lost
17848,81,30,3650.90,Active,3,4,4,11,"Loyal Customers"
17849,218,8,1063.76,Churned,2,4,3,9,"At Risk"
17850,372,155,56600.08,Churned,2,4,4,10,"At Risk"
17851,422,6,1563.34,Churned,1,3,3,7,"At Risk"
17852,11,5,663.21,Active,4,3,2,9,"Loyal Customers"
17853,407,3,1608.19,Churned,1,3,3,7,"At Risk"
17854,185,6,1071.45,Churned,2,3,3,8,"At Risk"
17855,372,1,417.94,Churned,2,1,2,5,Lost
17856,1,4,1418.03,Active,4,3,3,10,"Loyal Customers"
17857,4,24,28682.24,Active,4,4,4,12,Champions
17858,5,30,12797.65,Active,4,4,4,12,Champions
17859,304,1,148.21,Churned,2,1,1,4,Lost
17860,368,4,1015.54,Churned,2,3,3,8,"At Risk"
17861,3,18,5127.69,Active,4,4,4,12,Champions
17862,323,4,1279.09,Churned,2,3,3,8,"At Risk"
17863,59,12,5745.20,Active,3,4,4,11,"Loyal Customers"
17864,12,5,924.32,Active,4,3,3,10,"Loyal Customers"
17865,30,46,26374.39,Active,3,4,4,11,"Loyal Customers"
17866,142,3,1134.95,Churned,2,3,3,8,"At Risk"
17867,30,15,1621.28,Active,3,4,3,10,"Loyal Customers"
17868,386,1,234.65,Churned,1,1,1,3,Lost
17869,107,7,1036.16,Churned,2,4,3,9,"At Risk"
17870,2,13,3108.15,Active,4,4,4,12,Champions
17871,204,5,1118.99,Churned,2,3,3,8,"At Risk"
17872,381,1,235.87,Churned,1,1,1,3,Lost
17873,80,18,6515.88,Active,3,4,4,11,"Loyal Customers"
17874,185,6,683.46,Churned,2,3,2,7,"At Risk"
17875,688,1,167.10,Churned,1,1,1,3,Lost
17876,399,3,3424.02,Churned,1,3,4,8,"At Risk"
17877,170,1,237.61,Churned,2,1,1,4,Lost
17878,43,3,1412.33,Active,3,3,3,9,"Loyal Customers"
17879,173,1,178.52,Churned,2,2,1,5,Lost
17880,364,3,824.92,Churned,2,3,2,7,"At Risk"
17881,304,1,133.35,Churned,2,2,1,5,Lost
17882,379,2,313.46,Churned,2,2,1,5,Lost
17883,3,7,995.85,Active,4,4,3,11,"Loyal Customers"
17884,3,20,3072.89,Active,4,4,4,12,Champions
17885,12,1,190.19,Active,4,2,1,7,"New Customers"
17886,31,6,1608.38,Active,3,3,3,9,"Loyal Customers"
17887,129,1,111.35,Churned,2,2,1,5,Lost
17888,21,25,1820.44,Active,4,4,3,11,"Loyal Customers"
17889,212,7,774.87,Churned,2,4,2,8,"At Risk"
17890,322,2,602.09,Churned,2,2,2,6,Lost
17891,162,1,203.86,Churned,2,2,1,5,Lost
17892,56,3,244.10,Active,3,3,1,7,"Loyal Customers"
17893,225,1,112.25,Churned,2,2,1,5,Lost
17894,71,18,2453.38,Active,3,4,4,11,"Loyal Customers"
17895,44,1,98.00,Active,3,2,1,6,Others
17896,23,1,256.32,Active,4,2,1,7,"New Customers"
17897,172,9,2585.00,Churned,2,4,4,10,"At Risk"
17898,85,4,299.18,Active,3,3,1,7,"Loyal Customers"
17899,159,1,155.80,Churned,2,2,1,5,Lost
17900,190,2,112.20,Churned,2,2,1,5,Lost
17901,29,3,260.08,Active,3,3,1,7,"Loyal Customers"
17902,546,1,216.40,Churned,1,2,1,4,Lost
17903,394,1,381.09,Churned,1,2,2,5,Lost
17904,21,1,191.67,Active,4,2,1,7,"New Customers"
17905,71,13,2383.52,Active,3,4,4,11,"Loyal Customers"
17906,247,1,72.90,Churned,2,2,1,5,Lost
17907,640,1,291.76,Churned,1,2,1,4,Lost
17908,373,5,1411.54,Churned,2,3,3,8,"At Risk"
17909,737,1,132.55,Churned,1,2,1,4,Lost
17910,726,1,261.70,Churned,1,2,1,4,Lost
17911,9,1,366.23,Active,4,2,2,8,"New Customers"
17912,310,6,375.50,Churned,2,3,2,7,"At Risk"
17913,58,14,3479.64,Active,3,4,4,11,"Loyal Customers"
17914,3,1,336.43,Active,4,2,1,7,"New Customers"
17915,551,1,242.13,Churned,1,2,1,4,Lost
17916,628,2,43.87,Churned,1,2,1,4,Lost
17917,45,3,341.28,Active,3,3,1,7,"Loyal Customers"
17918,500,3,396.39,Churned,1,3,2,6,"At Risk"
17919,88,2,1840.32,Active,3,2,3,8,Others
17920,4,54,24516.46,Active,4,4,4,12,Champions
17921,64,10,2423.50,Active,3,4,4,11,"Loyal Customers"
17922,543,1,170.40,Churned,1,2,1,4,Lost
17923,282,3,497.00,Churned,2,3,2,7,"At Risk"
17924,11,8,3536.70,Active,4,4,4,12,Champions
17925,372,1,488.16,Churned,2,2,2,6,Lost
17926,133,5,1035.49,Churned,2,3,3,8,"At Risk"
17927,721,1,294.00,Churned,1,2,1,4,Lost
17928,45,3,341.24,Active,3,3,1,7,"Loyal Customers"
17929,11,12,3082.10,Active,4,4,4,12,Champions
17930,35,13,4275.22,Active,3,4,4,11,"Loyal Customers"
17931,134,14,3437.29,Churned,2,4,4,10,"At Risk"
17932,29,3,1331.57,Active,3,3,3,9,"Loyal Customers"
17933,632,1,114.69,Churned,1,2,1,4,Lost
17934,51,3,1049.15,Active,3,3,3,9,"Loyal Customers"
17935,138,7,686.14,Churned,2,4,2,8,"At Risk"
17936,5,1,389.84,Active,4,2,2,8,"New Customers"
17937,8,7,4301.22,Active,4,4,4,12,Champions
17938,420,1,144.29,Churned,1,2,1,4,Lost
17939,159,1,99.14,Churned,2,2,1,5,Lost
17940,49,16,30393.19,Active,3,4,4,11,"Loyal Customers"
17941,130,4,1433.28,Churned,2,3,3,8,"At Risk"
17942,7,1,77.50,Active,4,2,1,7,"New Customers"
17944,423,1,75.41,Churned,1,2,1,4,Lost
17945,696,3,360.35,Churned,1,3,2,6,"At Risk"
17946,233,2,149.58,Churned,2,2,1,5,Lost
17947,37,1,176.68,Active,3,2,1,6,Others
17948,147,1,358.56,Churned,2,2,2,6,Lost
17949,1,118,118628.08,Active,4,4,4,12,Champions
17950,72,7,1432.81,Active,3,4,3,10,"Loyal Customers"
17951,39,4,1636.08,Active,3,3,3,9,"Loyal Customers"
17952,378,4,819.61,Churned,2,3,2,7,"At Risk"
17953,540,1,160.82,Churned,1,2,1,4,Lost
17954,5,19,3966.05,Active,4,4,4,12,Champions
17955,198,6,949.90,Churned,2,3,3,8,"At Risk"
17956,249,1,12.75,Churned,2,2,1,5,Lost
17957,66,1,111.68,Active,3,2,1,6,Others
17958,116,2,973.88,Churned,2,2,3,7,Others
17959,592,1,140.75,Churned,1,2,1,4,Lost
17960,171,3,135.08,Churned,2,3,1,6,"At Risk"
17961,21,100,2995.54,Active,4,4,4,12,Champions
17962,142,4,687.42,Churned,2,3,2,7,"At Risk"
17963,471,4,651.51,Churned,1,3,2,6,"At Risk"
17964,31,2,733.46,Active,3,2,2,7,Others
17965,37,29,7240.98,Active,3,4,4,11,"Loyal Customers"
17966,37,10,1974.42,Active,3,4,3,10,"Loyal Customers"
17967,371,2,357.29,Churned,2,2,2,6,Lost
17968,373,4,888.04,Churned,2,3,2,7,"At Risk"
17969,166,20,2369.94,Churned,2,4,4,10,"At Risk"
17970,211,1,582.59,Churned,2,2,2,6,Lost
17971,548,1,161.94,Churned,1,2,1,4,Lost
17972,241,1,136.04,Churned,2,2,1,5,Lost
17973,51,1,337.04,Active,3,2,1,6,Others
17974,24,6,1858.06,Active,4,3,3,10,"Loyal Customers"
17975,15,24,7028.83,Active,4,4,4,12,Champions
17976,372,1,706.38,Churned,2,2,2,6,Lost
17977,29,2,1565.63,Active,3,2,3,8,Others
17978,365,4,1461.76,Churned,2,3,3,8,"At Risk"
17979,35,4,757.71,Active,3,3,2,8,"Loyal Customers"
17980,165,4,1033.42,Churned,2,3,3,8,"At Risk"
17981,410,1,239.12,Churned,1,2,1,4,Lost
17982,680,1,138.18,Churned,1,2,1,4,Lost
17983,395,1,171.71,Churned,1,2,1,4,Lost
17984,145,5,1191.27,Churned,2,3,3,8,"At Risk"
17985,22,1,634.95,Active,4,2,2,8,"New Customers"
17986,56,1,20.80,Active,3,2,1,6,Others
17987,185,5,1003.64,Churned,2,3,3,8,"At Risk"
17988,11,14,489.54,Active,4,4,2,10,"Loyal Customers"
17989,379,1,228.83,Churned,2,2,1,5,Lost
17990,236,6,1527.61,Churned,2,3,3,8,"At Risk"
17991,225,3,320.55,Churned,2,3,1,6,"At Risk"
17992,389,1,254.13,Churned,1,2,1,4,Lost
17993,617,1,235.19,Churned,1,2,1,4,Lost
17994,121,11,2313.32,Churned,2,4,4,10,"At Risk"
17995,281,3,495.48,Churned,2,3,2,7,"At Risk"
17996,379,3,482.33,Churned,1,3,2,6,"At Risk"
17997,74,8,1970.67,Active,3,4,3,10,"Loyal Customers"
17998,380,3,639.24,Churned,1,3,2,6,"At Risk"
17999,37,3,730.90,Active,3,3,2,8,"Loyal Customers"
18000,564,1,124.25,Churned,1,2,1,4,Lost
18001,12,6,953.84,Active,4,3,3,10,"Loyal Customers"
18002,375,4,249.92,Churned,2,3,1,6,"At Risk"
18003,376,1,358.61,Churned,2,2,2,6,Lost
18004,362,1,169.47,Churned,2,2,1,5,Lost
18005,3,2,249.72,Active,4,2,1,7,"New Customers"
18006,23,4,997.86,Active,4,3,3,10,"Loyal Customers"
18007,392,1,220.32,Churned,1,2,1,4,Lost
18008,70,23,19787.13,Active,3,4,4,11,"Loyal Customers"
18009,235,8,2155.83,Churned,2,4,3,9,"At Risk"
18010,256,1,174.80,Churned,2,2,1,5,Lost
18011,373,2,527.03,Churned,2,2,2,6,Lost
18012,723,1,115.30,Churned,1,2,1,4,Lost
18013,155,2,187.29,Churned,2,2,1,5,Lost
18014,28,1,166.42,Active,3,2,1,6,Others
18015,4,1,120.03,Active,4,2,1,7,"New Customers"
18016,32,7,1960.46,Active,3,4,3,10,"Loyal Customers"
18017,81,4,688.00,Active,3,3,2,8,"Loyal Customers"
18018,108,4,297.99,Churned,2,3,1,6,"At Risk"
18019,51,1,38.45,Active,3,2,1,6,Others
18020,543,1,190.48,Churned,1,2,1,4,Lost
18021,509,2,227.06,Churned,1,2,1,4,Lost
18022,35,5,1651.79,Active,3,3,3,9,"Loyal Customers"
18024,152,2,389.78,Churned,2,2,2,6,Lost
18025,379,6,1177.72,Churned,1,3,3,7,"At Risk"
18026,500,2,2074.07,Churned,1,2,3,6,Others
18027,98,1,115.31,Churned,2,2,1,5,Lost
18028,583,1,192.05,Churned,1,2,1,4,Lost
18029,642,1,433.77,Churned,1,2,2,5,Lost
18030,4,2,230.65,Active,4,2,1,7,"New Customers"
18031,378,1,462.10,Churned,2,2,2,6,Lost
18032,334,1,73.50,Churned,2,2,1,5,Lost
18033,65,1,97.97,Active,3,2,1,6,Others
18034,21,3,793.70,Active,4,3,2,9,"Loyal Customers"
18035,35,5,1276.74,Active,3,3,3,9,"Loyal Customers"
18036,32,11,1563.64,Active,3,4,3,10,"Loyal Customers"
18037,154,15,167.42,Churned,2,4,1,7,"At Risk"
18038,556,1,149.41,Churned,1,2,1,4,Lost
18039,374,4,579.17,Churned,2,3,2,7,"At Risk"
18040,19,2,357.20,Active,4,2,2,8,"New Customers"
18041,11,38,8752.38,Active,4,4,4,12,Champions
18042,53,2,281.15,Active,3,2,1,6,Others
18043,24,3,875.97,Active,4,3,2,9,"Loyal Customers"
18044,4,18,3505.61,Active,4,4,4,12,Champions
18045,45,1,189.40,Active,3,2,1,6,Others
18046,649,1,189.63,Churned,1,2,1,4,Lost
18047,381,2,342.69,Churned,1,2,1,4,Lost
18048,203,3,401.73,Churned,2,3,2,7,"At Risk"
18049,437,2,556.52,Churned,1,2,2,5,Lost
18050,359,2,412.06,Churned,2,2,2,6,Lost
18051,634,7,2282.28,Churned,1,4,3,8,"At Risk"
18052,564,1,10877.18,Churned,1,2,4,7,Others
18053,70,3,571.07,Active,3,3,2,8,"Loyal Customers"
18054,392,1,176.50,Churned,1,2,1,4,Lost
18055,7,14,11195.57,Active,4,4,4,12,Champions
18056,288,2,554.60,Churned,2,2,2,6,Lost
18057,393,3,1203.56,Churned,1,3,3,7,"At Risk"
18058,9,3,774.06,Active,4,3,2,9,"Loyal Customers"
18059,23,3,306.46,Active,4,3,1,8,"Loyal Customers"
18060,408,2,1185.46,Churned,1,2,3,6,Others
18061,21,28,6488.97,Active,4,4,4,12,Champions
18062,173,6,1632.67,Churned,2,3,3,8,"At Risk"
18063,390,2,186.60,Churned,1,2,1,4,Lost
18064,133,11,4495.03,Churned,2,4,4,10,"At Risk"
18065,5,29,5866.63,Active,4,4,4,12,Champions
18066,75,3,1440.40,Active,3,3,3,9,"Loyal Customers"
18067,40,1,396.33,Active,3,2,2,7,Others
18068,289,1,101.70,Churned,2,2,1,5,Lost
18069,26,11,4540.56,Active,3,4,4,11,"Loyal Customers"
18070,669,1,314.10,Churned,1,2,1,4,Lost
18071,257,6,1428.63,Churned,2,3,3,8,"At Risk"
18072,185,1,247.44,Churned,2,2,1,5,Lost
18073,114,12,3877.52,Churned,2,4,4,10,"At Risk"
18074,373,2,1509.04,Churned,2,2,3,7,Others
18075,23,20,5783.29,Active,4,4,4,12,Champions
18076,380,1,151.49,Churned,1,2,1,4,Lost
18077,8,18,4338.56,Active,4,4,4,12,Champions
18078,217,4,844.60,Churned,2,3,2,7,"At Risk"
18079,45,5,4242.75,Active,3,3,4,10,"Loyal Customers"
18080,18,2,1231.50,Active,4,2,3,9,"New Customers"
18081,36,3,343.45,Active,3,3,1,7,"Loyal Customers"
18082,25,1,703.37,Active,3,2,2,7,Others
18083,397,1,470.73,Churned,1,2,2,5,Lost
18084,16,3,812.93,Active,4,3,2,9,"Loyal Customers"
18085,330,4,1645.75,Churned,2,3,3,8,"At Risk"
18086,274,1,101.34,Churned,2,2,1,5,Lost
18087,98,17,14761.52,Churned,2,4,4,10,"At Risk"
18088,61,1,167.67,Active,3,2,1,6,Others
18089,446,1,428.45,Churned,1,2,2,5,Lost
18090,421,1,349.40,Churned,1,2,2,5,Lost
18091,593,1,360.85,Churned,1,2,2,5,Lost
18092,2,18,16179.44,Active,4,4,4,12,Champions
18093,93,8,4452.71,Churned,3,4,4,11,"Loyal Customers"
18094,81,13,6391.52,Active,3,4,4,11,"Loyal Customers"
18095,312,5,2303.09,Churned,2,3,3,8,"At Risk"
18096,11,6,1805.28,Active,4,3,3,10,"Loyal Customers"
18097,7,11,4663.32,Active,4,4,4,12,Champions
18098,396,1,550.84,Churned,1,2,2,5,Lost
18099,127,1,168.31,Churned,2,2,1,5,Lost
18100,550,1,451.56,Churned,1,2,2,5,Lost
18101,11,5,629.16,Active,4,3,2,9,"Loyal Customers"
18102,0,145,608821.65,Active,4,4,4,12,Champions
18103,549,1,105.80,Churned,1,2,1,4,Lost
18104,37,1,754.64,Active,3,2,2,7,Others
18105,37,1,113.48,Active,3,2,1,6,Others
18106,329,6,1461.46,Churned,2,3,3,8,"At Risk"
18107,442,1,167.13,Churned,1,2,1,4,Lost
18108,254,3,848.81,Churned,2,3,2,7,"At Risk"
18109,1,38,9893.96,Active,4,4,4,12,Champions
18110,19,2,435.43,Active,4,2,2,8,"New Customers"
18111,589,1,405.85,Churned,1,2,2,5,Lost
18112,12,4,775.96,Active,4,3,2,9,"Loyal Customers"
18113,368,1,152.64,Churned,2,2,1,5,Lost
18114,290,1,220.10,Churned,2,2,1,5,Lost
18115,697,1,9.70,Churned,1,2,1,4,Lost
18116,67,13,2154.30,Active,3,4,3,10,"Loyal Customers"
18117,25,1,320.72,Active,3,2,1,6,Others
18118,10,29,6733.22,Active,4,4,4,12,Champions
18119,367,1,362.24,Churned,2,2,2,6,Lost
18120,214,1,111.15,Churned,2,2,1,5,Lost
18121,149,2,673.10,Churned,2,2,2,6,Lost
18122,8,6,1826.21,Active,4,3,3,10,"Loyal Customers"
18123,24,3,684.59,Active,4,3,2,9,"Loyal Customers"
18124,472,1,111.53,Churned,1,2,1,4,Lost
18125,29,4,1142.99,Active,3,3,3,9,"Loyal Customers"
18126,60,1,206.83,Active,3,2,1,6,Others
18127,19,4,561.53,Active,4,3,2,9,"Loyal Customers"
18128,537,1,420.04,Churned,1,2,2,5,Lost
18129,243,1,112.55,Churned,2,2,1,5,Lost
18130,15,3,1059.39,Active,4,3,3,10,"Loyal Customers"
18131,631,1,222.96,Churned,1,2,1,4,Lost
18132,504,1,226.90,Churned,1,2,1,4,Lost
18133,212,1,931.50,Churned,2,2,3,7,Others
18134,598,2,445.00,Churned,1,2,2,5,Lost
18135,29,10,1249.62,Active,3,4,3,10,"Loyal Customers"
18136,63,5,1631.36,Active,3,3,3,9,"Loyal Customers"
18137,551,2,145.99,Churned,1,2,1,4,Lost
18138,295,1,152.65,Churned,2,2,1,5,Lost
18139,17,6,8438.34,Active,4,3,4,11,"Loyal Customers"
18140,473,1,536.41,Churned,1,2,2,5,Lost
18141,401,2,882.47,Churned,1,2,2,5,Lost
18142,157,2,1019.52,Churned,2,2,3,7,Others
18143,116,2,1000.16,Churned,2,2,3,7,Others
18144,7,19,5058.00,Active,4,4,4,12,Champions
18145,12,11,5617.79,Active,4,4,4,12,Champions
18146,140,2,160.35,Churned,2,2,1,5,Lost
18147,45,2,179.34,Active,3,2,1,6,Others
18148,646,1,114.10,Churned,1,2,1,4,Lost
18149,50,7,1624.71,Active,3,4,3,10,"Loyal Customers"
18150,32,3,566.58,Active,3,3,2,8,"Loyal Customers"
18151,134,6,1879.44,Churned,2,3,3,8,"At Risk"
18152,646,1,426.69,Churned,1,2,2,5,Lost
18153,659,1,246.22,Churned,1,2,1,4,Lost
18154,3,5,932.60,Active,4,3,3,10,"Loyal Customers"
18155,75,3,371.62,Active,3,3,2,8,"Loyal Customers"
18156,12,2,941.17,Active,4,2,3,9,"New Customers"
18157,571,1,215.35,Churned,1,2,1,4,Lost
18158,9,2,453.40,Active,4,2,2,8,"New Customers"
18159,301,1,530.15,Churned,2,2,2,6,Lost
18160,57,3,1003.88,Active,3,3,3,9,"Loyal Customers"
18161,15,6,1803.10,Active,4,3,3,10,"Loyal Customers"
18162,732,1,379.16,Churned,1,2,2,5,Lost
18163,584,1,728.84,Churned,1,2,2,5,Lost
18164,37,1,399.65,Active,3,2,2,7,Others
18165,177,1,302.46,Churned,2,2,1,5,Lost
18166,623,1,175.50,Churned,1,2,1,4,Lost
18167,23,3,1384.86,Active,4,3,3,10,"Loyal Customers"
18168,176,16,3770.27,Churned,2,4,4,10,"At Risk"
18169,60,1,202.65,Active,3,2,1,6,Others
18170,33,9,2878.00,Active,3,4,4,11,"Loyal Customers"
18171,58,9,2437.31,Active,3,4,4,11,"Loyal Customers"
18172,14,52,17479.84,Active,4,4,4,12,Champions
18173,86,5,2696.36,Active,3,3,4,10,"Loyal Customers"
18174,7,2,162.50,Active,4,2,1,7,"New Customers"
18175,675,1,176.10,Churned,1,2,1,4,Lost
18176,358,1,476.35,Churned,2,2,2,6,Lost
18177,31,9,2216.87,Active,3,4,3,10,"Loyal Customers"
18178,128,11,6103.74,Churned,2,4,4,10,"At Risk"
18179,9,8,2547.55,Active,4,4,4,12,Champions
18180,4,6,1843.75,Active,4,3,3,10,"Loyal Customers"
18181,24,5,1205.94,Active,4,3,3,10,"Loyal Customers"
18182,463,1,291.13,Churned,1,2,1,4,Lost
18183,227,2,632.07,Churned,2,2,2,6,Lost
18184,15,1,49.80,Active,4,2,1,7,"New Customers"
18185,249,1,304.25,Churned,2,2,1,5,Lost
18186,722,1,329.58,Churned,1,2,1,4,Lost
18187,631,1,724.89,Churned,1,2,2,5,Lost
18188,15,6,3280.59,Active,4,3,4,11,"Loyal Customers"
18189,77,3,1403.73,Active,3,3,3,9,"Loyal Customers"
18190,192,5,745.62,Churned,2,3,2,7,"At Risk"
18191,261,2,529.40,Churned,2,2,2,6,Lost
18192,71,1,957.97,Active,3,2,3,8,Others
18193,165,3,1207.35,Churned,2,3,3,8,"At Risk"
18194,82,6,4162.04,Active,3,3,4,10,"Loyal Customers"
18195,387,1,101.16,Churned,1,2,1,4,Lost
18196,95,4,1464.31,Churned,2,3,3,8,"At Risk"
18197,575,1,230.10,Churned,1,2,1,4,Lost
18198,4,17,5425.56,Active,4,4,4,12,Champions
18199,683,1,344.75,Churned,1,2,1,4,Lost
18200,106,1,163.80,Churned,2,2,1,5,Lost
18201,722,1,447.53,Churned,1,2,2,5,Lost
18202,199,3,1396.99,Churned,2,3,3,8,"At Risk"
18203,157,4,504.42,Churned,2,3,2,7,"At Risk"
18204,71,3,1993.70,Active,3,3,3,9,"Loyal Customers"
18205,36,2,517.36,Active,3,2,2,7,Others
18206,553,1,314.66,Churned,1,2,1,4,Lost
18207,499,1,544.47,Churned,1,2,2,5,Lost
18208,565,1,360.08,Churned,1,2,2,5,Lost
18209,28,1,139.10,Active,3,2,1,6,Others
18210,1,7,2768.83,Active,4,4,4,12,Champions
18211,25,5,600.07,Active,3,3,2,8,"Loyal Customers"
18212,326,2,546.72,Churned,2,2,2,6,Lost
18213,236,1,232.48,Churned,2,2,1,5,Lost
18214,530,4,1780.34,Churned,1,3,3,7,"At Risk"
18215,89,5,2247.49,Active,3,3,3,9,"Loyal Customers"
18216,31,1,481.75,Active,3,2,2,7,Others
18217,29,4,945.04,Active,3,3,3,9,"Loyal Customers"
18218,211,4,1142.00,Churned,2,3,3,8,"At Risk"
18219,2,17,3562.89,Active,4,4,4,12,Champions
18220,226,6,1921.76,Churned,2,3,3,8,"At Risk"
18221,22,6,1424.94,Active,4,3,3,10,"Loyal Customers"
18222,92,1,443.00,Churned,3,2,2,7,Others
18223,4,26,14000.85,Active,4,4,4,12,Champions
18224,263,1,158.95,Churned,2,2,1,5,Lost
18225,3,26,13054.26,Active,4,4,4,12,Champions
18226,44,26,11878.88,Active,3,4,4,11,"Loyal Customers"
18227,217,2,388.75,Churned,2,2,2,6,Lost
18228,56,2,779.90,Active,3,2,2,7,Others
18229,11,28,10803.71,Active,4,4,4,12,Champions
18230,9,9,4291.06,Active,4,4,4,12,Champions
18231,192,28,6880.97,Churned,2,4,4,10,"At Risk"
18232,81,4,592.97,Active,3,3,2,8,"Loyal Customers"
18233,325,1,440.00,Churned,2,2,2,6,Lost
18234,551,1,179.60,Churned,1,2,1,4,Lost
18235,71,3,1796.48,Active,3,3,3,9,"Loyal Customers"
18236,29,12,1795.35,Active,3,4,3,10,"Loyal Customers"
18237,2,5,987.10,Active,4,3,3,10,"Loyal Customers"
18238,515,1,270.92,Churned,1,2,1,4,Lost
18239,218,6,2150.36,Churned,2,3,3,8,"At Risk"
18240,46,1,422.58,Active,3,2,2,7,Others
18241,9,21,2986.99,Active,4,4,4,12,Champions
18242,72,8,3605.21,Active,3,4,4,11,"Loyal Customers"
18243,414,1,515.78,Churned,1,2,2,5,Lost
18244,430,2,568.64,Churned,1,2,2,5,Lost
18245,7,20,6324.98,Active,4,4,4,12,Champions
18246,23,3,758.82,Active,4,3,2,9,"Loyal Customers"
18247,414,3,839.73,Churned,1,3,2,6,"At Risk"
18248,122,2,804.02,Churned,2,2,2,6,Lost
18249,17,1,95.34,Active,4,2,1,7,"New Customers"
18250,310,1,349.27,Churned,2,2,2,6,Lost
18251,87,9,26278.86,Active,3,4,4,11,"Loyal Customers"
18252,50,7,1542.09,Active,3,4,3,10,"Loyal Customers"
18253,642,1,317.88,Churned,1,2,1,4,Lost
18254,581,1,267.90,Churned,1,2,1,4,Lost
18255,89,2,303.15,Active,3,2,1,6,Others
18256,387,1,110.70,Churned,1,2,1,4,Lost
18257,39,12,4600.15,Active,3,4,4,11,"Loyal Customers"
18258,464,6,2059.67,Churned,1,3,3,7,"At Risk"
18259,24,7,4318.20,Active,4,4,4,12,Champions
18260,172,23,9962.11,Churned,2,4,4,10,"At Risk"
18261,43,2,324.24,Active,3,2,1,6,Others
18262,140,3,577.54,Churned,2,3,2,7,"At Risk"
18263,25,3,1213.16,Active,3,3,3,9,"Loyal Customers"
18264,498,1,603.25,Churned,1,2,2,5,Lost
18265,72,2,801.51,Active,3,2,2,7,Others
18266,434,1,251.10,Churned,1,2,1,4,Lost
18267,672,1,269.37,Churned,1,2,1,4,Lost
18268,134,6,1490.23,Churned,2,3,3,8,"At Risk"
18269,366,1,337.20,Churned,2,2,1,5,Lost
18270,38,3,444.55,Active,3,3,2,8,"Loyal Customers"
18271,609,2,680.85,Churned,1,2,2,5,Lost
18272,2,9,4385.98,Active,4,4,4,12,Champions
18273,2,4,357.00,Active,4,3,2,9,"Loyal Customers"
18274,30,1,175.92,Active,3,2,1,6,Others
18275,578,2,741.85,Churned,1,2,2,5,Lost
18276,43,6,1656.52,Active,3,3,3,9,"Loyal Customers"
18277,58,5,1180.05,Active,3,3,3,9,"Loyal Customers"
18278,73,2,414.20,Active,3,2,2,7,Others
18279,519,1,231.34,Churned,1,2,1,4,Lost
18280,277,2,488.15,Churned,2,2,2,6,Lost
18281,180,2,201.14,Churned,2,2,1,5,Lost
18282,7,2,178.05,Active,4,2,1,7,"New Customers"
18283,3,22,2736.65,Active,4,4,4,12,Champions
18284,431,1,461.68,Churned,1,2,2,5,Lost
18285,660,1,427.00,Churned,1,2,2,5,Lost
18286,476,2,1296.43,Churned,1,2,3,6,Others
18287,42,7,4182.99,Active,3,4,4,11,"Loyal Customers"
